x_center_mm,y_center_mm,entries,mean_adc_per_mev,standard_error
-19.5,-19.5,5,74.66798293,0.9833684571
-19.5,-18.5,4,77.21850869,1.145042909
-19.5,-17.5,4,80.37565333,3.739505895
-19.5,-16.5,6,79.03783357,0.9710599439
-19.5,-15.5,6,77.22567241,0.9871324378
-19.5,-14.5,8,80.35102974,1.145485594
-19.5,-13.5,10,78.45981804,1.094023559
-19.5,-12.5,8,81.24973303,1.224911356
-19.5,-11.5,11,79.26738172,0.9280216841
-19.5,-10.5,11,80.55357047,1.042578226
-19.5,-9.5,3,80.71123209,2.447498878
-19.5,-8.5,7,83.34077777,1.226482246
-19.5,-7.5,9,81.17322666,0.7904536912
-19.5,-6.5,5,84.33136536,2.430109091
-19.5,-5.5,10,83.68804819,1.384212123
-19.5,-4.5,11,84.65242282,1.612255909
-19.5,-3.5,6,84.18173363,1.373005749
-19.5,-2.5,4,83.64232733,1.418548907
-19.5,-1.5,5,84.19715472,2.255969457
-19.5,-0.5,5,88.94650123,1.313440582
-19.5,0.5,11,84.60478743,1.629937332
-19.5,1.5,3,85.36751668,0.7311688064
-19.5,2.5,5,83.79662742,0.6603905477
-19.5,3.5,7,84.89229768,2.120846523
-19.5,4.5,7,85.46475581,1.169904999
-19.5,5.5,7,85.53612742,2.205029549
-19.5,6.5,7,84.2398186,1.261152671
-19.5,7.5,2,89.22187334,0.4167828798
-19.5,8.5,6,85.24357575,1.586755164
-19.5,9.5,6,85.09881977,0.5271354423
-19.5,10.5,8,80.94400721,1.015851167
-19.5,11.5,10,80.45748586,1.387144206
-19.5,12.5,5,81.04903216,1.330544317
-19.5,13.5,6,82.09478728,1.073000401
-19.5,14.5,11,79.70956178,1.276948038
-19.5,15.5,6,81.05914108,1.559646161
-19.5,16.5,5,80.85799904,1.258088766
-19.5,17.5,4,80.73772735,1.901826546
-19.5,18.5,5,75.31485044,1.318929289
-19.5,19.5,5,75.64467191,1.621342467
-18.5,-19.5,6,79.90503508,2.246629674
-18.5,-18.5,6,77.29880669,1.362869649
-18.5,-17.5,4,76.89684975,2.767126689
-18.5,-16.5,6,82.13429492,2.0148326
-18.5,-15.5,12,78.49504576,1.20840353
-18.5,-14.5,7,81.80708008,2.400905221
-18.5,-13.5,4,81.09718901,1.041002654
-18.5,-12.5,5,80.81053024,2.662302858
-18.5,-11.5,4,81.29619663,1.367929265
-18.5,-10.5,10,83.18266974,1.138419356
-18.5,-9.5,6,81.45354442,1.086423527
-18.5,-8.5,3,83.03827811,1.867520873
-18.5,-7.5,8,83.97871036,2.614051891
-18.5,-6.5,2,84.4242743,4.339772886
-18.5,-5.5,6,83.57542649,1.158702563
-18.5,-4.5,3,81.01847025,2.065324985
-18.5,-3.5,7,84.33823932,1.312348283
-18.5,-2.5,10,84.94684532,0.9625839537
-18.5,-1.5,8,84.77252816,1.373073792
-18.5,-0.5,5,86.57768801,0.9763865903
-18.5,0.5,5,86.95157531,2.087166458
-18.5,1.5,10,84.4920623,1.837412769
-18.5,2.5,3,88.71716512,3.051044904
-18.5,3.5,3,80.36492953,0.8803902198
-18.5,4.5,10,85.44389462,1.16074759
-18.5,5.5,7,83.12577192,1.638677482
-18.5,6.5,5,87.34615893,2.079740005
-18.5,7.5,6,83.31457297,1.736228479
-18.5,8.5,6,83.01956209,1.645204426
-18.5,9.5,2,85.14106705,0.2885046322
-18.5,10.5,4,82.56071181,1.492240123
-18.5,11.5,8,82.58148553,1.408704703
-18.5,12.5,7,81.03686574,1.325232434
-18.5,13.5,6,82.4403834,0.9440518185
-18.5,14.5,8,76.99956784,1.137057555
-18.5,15.5,8,79.91716493,1.159758236
-18.5,16.5,6,76.3462934,1.610913761
-18.5,17.5,6,79.16810357,1.0597991
-18.5,18.5,8,75.49278763,0.9414371887
-18.5,19.5,2,76.4707955,0.05847053608
-17.5,-19.5,4,75.92132114,0.268870454
-17.5,-18.5,10,78.12124219,1.289275362
-17.5,-17.5,9,79.06043057,1.928344707
-17.5,-16.5,8,79.32921587,1.598681149
-17.5,-15.5,6,79.17491278,1.904845767
-17.5,-14.5,7,79.42088663,1.079502165
-17.5,-13.5,4,74.09885127,0.2925826025
-17.5,-12.5,12,80.62397523,0.8400015269
-17.5,-11.5,10,80.99045978,1.010852461
-17.5,-10.5,6,82.32729273,2.220481898
-17.5,-9.5,11,83.29185328,1.009966406
-17.5,-8.5,6,80.20312327,1.46989741
-17.5,-7.5,8,84.20374122,1.681699298
-17.5,-6.5,3,81.25652355,2.551610848
-17.5,-5.5,10,84.98794495,1.518647055
-17.5,-4.5,8,83.81927166,1.729855685
-17.5,-3.5,6,86.69402038,1.414573636
-17.5,-2.5,7,84.03687845,1.67116238
-17.5,-1.5,5,85.58146505,1.847679036
-17.5,-0.5,4,86.42187447,1.441069584
-17.5,0.5,3,83.87401038,0.8488068278
-17.5,1.5,3,87.4847133,1.711403641
-17.5,2.5,3,80.00504352,2.013716052
-17.5,3.5,8,86.44818288,1.305878772
-17.5,4.5,4,88.82376495,2.621485817
-17.5,5.5,9,84.53389278,1.285441006
-17.5,6.5,7,81.25884104,0.8822564441
-17.5,7.5,9,84.11627661,1.394350167
-17.5,8.5,6,84.03554743,0.9155408236
-17.5,9.5,8,81.8193136,1.267927432
-17.5,10.5,4,87.40648675,1.573053186
-17.5,11.5,13,80.345622,1.25678753
-17.5,12.5,3,82.30792137,3.136144504
-17.5,13.5,3,78.3620059,0.9823430009
-17.5,14.5,7,81.32353913,1.034044868
-17.5,15.5,10,81.16645165,1.133206657
-17.5,16.5,5,78.68971372,1.134347803
-17.5,17.5,6,78.94662693,1.004079574
-17.5,18.5,6,78.34965336,0.4706678706
-17.5,19.5,3,77.59894076,0.8932889904
-16.5,-19.5,5,79.52864331,0.9506427279
-16.5,-18.5,8,77.12498884,1.588378697
-16.5,-17.5,5,78.58541733,2.353863239
-16.5,-16.5,12,79.67303284,1.23908454
-16.5,-15.5,5,80.7295534,1.885756746
-16.5,-14.5,4,78.9410762,2.765685972
-16.5,-13.5,8,83.5251267,1.266590991
-16.5,-12.5,8,81.25305451,1.302120414
-16.5,-11.5,6,81.41052259,1.180594378
-16.5,-10.5,5,83.7495606,1.557460763
-16.5,-9.5,4,81.76046623,0.5681909641
-16.5,-8.5,9,85.20334174,1.266770972
-16.5,-7.5,8,83.75448021,1.358405315
-16.5,-6.5,5,85.58867174,1.951638712
-16.5,-5.5,5,86.3618742,2.19130629
-16.5,-4.5,5,81.99857978,1.701856031
-16.5,-3.5,9,83.92526512,1.719547383
-16.5,-2.5,8,87.10979956,0.972882673
-16.5,-1.5,10,84.99130281,1.286202567
-16.5,-0.5,4,86.19499648,1.493343131
-16.5,0.5,4,86.13603425,1.221339842
-16.5,1.5,6,88.38540935,1.747601848
-16.5,2.5,8,86.91535933,1.374912069
-16.5,3.5,10,85.75220848,1.084616047
-16.5,4.5,7,84.30256205,1.140796174
-16.5,5.5,4,86.64572577,0.6240182597
-16.5,6.5,4,84.13476073,3.135351127
-16.5,7.5,13,84.43852102,1.102930072
-16.5,8.5,6,82.82382141,0.808814333
-16.5,9.5,7,82.45674421,1.213426842
-16.5,10.5,5,83.78014969,1.775802654
-16.5,11.5,9,85.01966433,1.102037044
-16.5,12.5,12,81.63369982,1.228117981
-16.5,13.5,8,78.58182322,1.294624353
-16.5,14.5,5,81.63261582,1.913512392
-16.5,15.5,7,81.1796833,1.902179878
-16.5,16.5,7,79.86938581,1.307290184
-16.5,17.5,4,79.30353083,1.213874572
-16.5,18.5,4,76.46658949,1.399196272
-16.5,19.5,4,80.12759353,0.8594659873
-15.5,-19.5,5,77.59762517,0.9358283581
-15.5,-18.5,8,80.0541045,0.915529116
-15.5,-17.5,9,75.94770324,1.202887824
-15.5,-16.5,2,86.42598251,5.108651361
-15.5,-15.5,3,78.53698698,1.782363647
-15.5,-14.5,9,78.89236685,0.9109654132
-15.5,-13.5,6,79.51740648,1.28527166
-15.5,-12.5,8,80.48817909,1.300163079
-15.5,-11.5,4,81.18344298,0.6509096106
-15.5,-10.5,6,86.44416375,3.018756844
-15.5,-9.5,8,82.21602121,1.138389443
-15.5,-8.5,6,83.11683851,0.916834226
-15.5,-7.5,5,84.80756457,0.718481839
-15.5,-6.5,4,82.07951937,2.539297074
-15.5,-5.5,8,83.83879452,1.712098663
-15.5,-4.5,10,85.14803793,1.450262377
-15.5,-3.5,8,86.22537974,1.048250662
-15.5,-2.5,7,86.39985052,1.075807112
-15.5,-1.5,12,87.29415023,1.137005987
-15.5,-0.5,8,86.83909416,1.589378609
-15.5,0.5,9,86.09444617,1.25288073
-15.5,1.5,4,89.87882439,1.884040853
-15.5,2.5,3,83.18651061,0.6465285692
-15.5,3.5,6,89.41050844,0.9661097425
-15.5,4.5,6,87.45518783,1.69348719
-15.5,5.5,2,88.44326067,0.349355406
-15.5,6.5,6,89.15788268,1.15357055
-15.5,7.5,8,83.53492362,1.657627022
-15.5,8.5,7,84.99409771,2.474698027
-15.5,9.5,6,83.35794675,1.319814638
-15.5,10.5,8,81.79629418,1.369436039
-15.5,11.5,6,85.81407001,0.8370513497
-15.5,12.5,9,82.18163458,1.040987847
-15.5,13.5,14,80.45772248,0.7497953239
-15.5,14.5,7,81.91157134,1.591030393
-15.5,15.5,7,80.69338575,0.9045004812
-15.5,16.5,9,77.06603027,0.8731195956
-15.5,17.5,8,79.76750675,2.229409424
-15.5,18.5,4,80.01053616,3.525165231
-15.5,19.5,10,78.1745212,1.283693899
-14.5,-19.5,6,77.73285728,1.808127221
-14.5,-18.5,11,79.15174093,1.535984019
-14.5,-17.5,5,77.49145917,1.51510988
-14.5,-16.5,9,80.60862043,1.870726657
-14.5,-15.5,7,82.3267375,0.7135557197
-14.5,-14.5,6,78.60911246,0.8909857716
-14.5,-13.5,3,79.68785104,2.045241606
-14.5,-12.5,10,83.33572129,1.085484488
-14.5,-11.5,4,82.62650548,1.171221354
-14.5,-10.5,9,84.09455188,1.210427396
-14.5,-9.5,2,83.52429834,1.259494007
-14.5,-8.5,7,84.18638797,1.949843412
-14.5,-7.5,4,89.04124691,3.613088845
-14.5,-6.5,6,83.84083358,1.76704173
-14.5,-5.5,8,86.97486924,0.9879822301
-14.5,-4.5,5,83.88182758,1.1809552
-14.5,-3.5,4,87.92034222,1.571566808
-14.5,-2.5,8,86.99662265,1.882852667
-14.5,-1.5,10,87.80412145,1.024381709
-14.5,-0.5,8,86.41146706,2.207735397
-14.5,0.5,4,87.91616209,1.141528412
-14.5,1.5,8,88.20467746,0.9019355589
-14.5,2.5,8,88.09257169,2.176987113
-14.5,3.5,4,86.45223424,1.246402571
-14.5,4.5,9,87.97850273,1.205705464
-14.5,5.5,3,82.97908619,2.616708385
-14.5,6.5,3,82.84482117,1.110362267
-14.5,7.5,7,83.47716172,2.088351444
-14.5,8.5,5,84.54920241,1.252144399
-14.5,9.5,6,84.33423499,3.074510598
-14.5,10.5,12,84.28516227,1.249357857
-14.5,11.5,11,82.46556366,1.220313372
-14.5,12.5,5,86.3107169,1.197980875
-14.5,13.5,7,82.97247379,1.332835932
-14.5,14.5,9,82.5309166,0.8680684155
-14.5,15.5,9,82.47361187,1.297266659
-14.5,16.5,7,80.32031636,1.859636819
-14.5,17.5,3,83.89825664,1.380150342
-14.5,18.5,5,82.89948406,0.5917237432
-14.5,19.5,4,79.72556314,0.5336781846
-13.5,-19.5,9,80.10213737,1.473729229
-13.5,-18.5,8,83.30012954,1.482844719
-13.5,-17.5,7,81.63509058,1.129250572
-13.5,-16.5,7,80.63992306,1.320697775
-13.5,-15.5,3,82.89460703,1.218775392
-13.5,-14.5,8,81.3720722,1.047813717
-13.5,-13.5,6,82.76389626,1.167838725
-13.5,-12.5,5,82.71212954,1.35328247
-13.5,-11.5,6,82.63307078,1.804654207
-13.5,-10.5,5,84.47559146,2.07429086
-13.5,-9.5,8,83.76672294,1.669987333
-13.5,-8.5,5,89.90442297,1.488356501
-13.5,-7.5,7,84.92894591,1.908282227
-13.5,-6.5,6,91.50015992,2.094630397
-13.5,-5.5,3,92.99505853,1.398769505
-13.5,-4.5,10,86.61070249,0.8443007741
-13.5,-3.5,4,87.99163632,1.285206654
-13.5,-2.5,7,89.88850852,1.583675333
-13.5,-1.5,11,90.14134492,1.252164599
-13.5,-0.5,5,86.14591555,2.87859789
-13.5,0.5,9,91.06153287,1.290552859
-13.5,1.5,3,88.34504018,0.8294316103
-13.5,2.5,7,85.93701166,1.252328652
-13.5,3.5,2,88.30689343,2.738030153
-13.5,4.5,6,90.06884398,1.252296447
-13.5,5.5,10,86.89453074,1.022065385
-13.5,6.5,4,86.95749227,1.445565042
-13.5,7.5,6,87.88190804,1.607581211
-13.5,8.5,10,85.56003927,1.343008413
-13.5,9.5,6,87.05844409,1.785683705
-13.5,10.5,13,83.53367194,1.099021469
-13.5,11.5,1,86.51846018,0
-13.5,12.5,4,83.77442308,1.245090548
-13.5,13.5,5,80.27912882,1.072374114
-13.5,14.5,3,81.56653088,1.652132427
-13.5,15.5,7,79.54933463,0.8503662041
-13.5,16.5,2,80.14674955,0.3256249772
-13.5,17.5,4,79.75471934,0.8509229701
-13.5,18.5,4,83.4303444,1.858406441
-13.5,19.5,6,79.28367415,1.744040005
-12.5,-19.5,9,83.21617045,1.415342754
-12.5,-18.5,10,79.06346731,0.9411626058
-12.5,-17.5,5,82.12164739,0.3928114261
-12.5,-16.5,9,81.71184472,1.393908975
-12.5,-15.5,5,83.78124304,1.517172325
-12.5,-14.5,9,84.94940016,1.402181324
-12.5,-13.5,7,80.85856847,1.446199004
-12.5,-12.5,6,83.01677025,1.766367721
-12.5,-11.5,3,82.90347612,1.875763613
-12.5,-10.5,7,84.82904437,1.188961706
-12.5,-9.5,5,85.40597448,1.409851647
-12.5,-8.5,5,89.8232729,1.421715988
-12.5,-7.5,10,86.58999678,0.504470454
-12.5,-6.5,4,84.89355637,1.810979429
-12.5,-5.5,8,89.28350485,1.068453613
-12.5,-4.5,3,88.53156821,2.235513696
-12.5,-3.5,3,88.05596569,0.7648948571
-12.5,-2.5,6,90.26402996,1.991453432
-12.5,-1.5,4,92.28737212,1.579784962
-12.5,-0.5,5,92.13979524,1.528430429
-12.5,0.5,9,90.39807038,0.8219771358
-12.5,1.5,3,95.72164192,1.815384276
-12.5,2.5,10,90.96097007,1.089290609
-12.5,3.5,3,85.58756632,2.843917755
-12.5,4.5,10,90.74806743,1.702607837
-12.5,5.5,6,92.70121662,1.702611377
-12.5,6.5,6,86.66297573,1.911378584
-12.5,7.5,2,86.9390751,3.307829466
-12.5,8.5,6,89.22830342,3.481065629
-12.5,9.5,4,82.46573644,0.8851943384
-12.5,10.5,5,84.16258325,1.85071502
-12.5,11.5,8,83.66636971,0.8258372829
-12.5,12.5,6,84.12253498,2.012563761
-12.5,13.5,7,82.82791155,1.690657979
-12.5,14.5,4,85.73944723,0.6691508645
-12.5,15.5,6,81.92059164,1.089633474
-12.5,16.5,9,82.28146773,1.088139455
-12.5,17.5,6,79.74612486,1.219304747
-12.5,18.5,2,84.91323981,3.679746253
-12.5,19.5,12,81.81140594,1.034861317
-11.5,-19.5,12,83.83610459,1.183577534
-11.5,-18.5,5,81.90051446,1.634900957
-11.5,-17.5,6,82.51966583,1.432307557
-11.5,-16.5,5,81.94534982,0.9514671666
-11.5,-15.5,5,81.55283806,1.280864866
-11.5,-14.5,7,84.97362055,0.9423139937
-11.5,-13.5,8,83.56545779,1.38421427
-11.5,-12.5,9,83.26168719,1.102052419
-11.5,-11.5,6,84.99814638,1.813228617
-11.5,-10.5,6,87.60325217,2.527927409
-11.5,-9.5,3,86.98533767,3.537622907
-11.5,-8.5,9,88.76152617,1.53201935
-11.5,-7.5,8,92.11217302,1.053520881
-11.5,-6.5,5,86.62185394,2.430680356
-11.5,-5.5,5,94.23282695,3.679580415
-11.5,-4.5,4,87.90505615,1.708715191
-11.5,-3.5,5,86.01026016,0.6928521031
-11.5,-2.5,9,93.06350685,1.234481086
-11.5,-1.5,2,90.15930309,0.3962968596
-11.5,-0.5,7,94.09823881,1.305714545
-11.5,0.5,7,90.1216394,0.5736965522
-11.5,1.5,8,93.51398228,1.102275896
-11.5,2.5,5,91.9617469,0.5055807197
-11.5,3.5,5,95.03113193,0.9721391094
-11.5,4.5,5,92.46444925,1.590140709
-11.5,5.5,7,87.96871784,1.41349027
-11.5,6.5,5,89.28118696,1.264028136
-11.5,7.5,8,90.90654069,1.372576036
-11.5,8.5,9,89.51880457,1.344024609
-11.5,9.5,4,94.41592952,2.545341685
-11.5,10.5,10,88.02434217,0.8166615896
-11.5,11.5,7,85.38565477,1.785143948
-11.5,12.5,8,85.3325173,0.9029219266
-11.5,13.5,7,84.63302431,1.222830083
-11.5,14.5,8,82.51730303,0.9269057541
-11.5,15.5,5,83.21777882,1.13346493
-11.5,16.5,10,80.73871408,1.318800415
-11.5,17.5,5,83.64945918,0.5691319055
-11.5,18.5,8,81.44928041,0.8950166339
-11.5,19.5,3,81.26207481,1.31344339
-10.5,-19.5,6,82.81409061,2.135760329
-10.5,-18.5,4,79.85599983,0.6084658492
-10.5,-17.5,6,82.12526462,1.797732791
-10.5,-16.5,6,79.98255732,0.7958931976
-10.5,-15.5,5,80.60722528,1.575741343
-10.5,-14.5,9,84.20502965,1.314629989
-10.5,-13.5,4,87.05482582,2.055183189
-10.5,-12.5,11,86.03573942,1.444271752
-10.5,-11.5,7,89.78240321,1.303086936
-10.5,-10.5,2,90.37299573,3.690158557
-10.5,-9.5,6,90.29894735,0.6215210704
-10.5,-8.5,6,87.92531627,1.987870054
-10.5,-7.5,8,91.20099434,1.284428716
-10.5,-6.5,2,90.21708172,1.528712045
-10.5,-5.5,6,93.60190442,0.8327138431
-10.5,-4.5,7,91.50000332,2.570114743
-10.5,-3.5,7,94.16080249,1.178954683
-10.5,-2.5,4,92.31612681,0.9386572651
-10.5,-1.5,9,92.23904794,1.603093307
-10.5,-0.5,9,94.42958958,1.708215684
-10.5,0.5,12,94.21901293,1.091095537
-10.5,1.5,6,92.26013143,1.289511957
-10.5,2.5,4,94.94221503,1.842736262
-10.5,3.5,5,95.86141658,2.428756591
-10.5,4.5,8,91.56339404,1.635769203
-10.5,5.5,5,94.12834596,0.3285859077
-10.5,6.5,11,89.5059786,1.685570727
-10.5,7.5,5,89.26677505,2.177794811
-10.5,8.5,4,87.78692134,3.016629925
-10.5,9.5,4,87.81496334,1.309321754
-10.5,10.5,3,90.57541138,0.2875247323
-10.5,11.5,5,89.49335308,2.736961277
-10.5,12.5,3,84.18602057,0.9131058699
-10.5,13.5,7,85.99778765,1.627955915
-10.5,14.5,6,83.58298244,2.319746334
-10.5,15.5,5,83.88893886,1.364645923
-10.5,16.5,5,85.32275157,1.341716134
-10.5,17.5,5,78.78613883,1.446918918
-10.5,18.5,7,81.72784553,0.4551315533
-10.5,19.5,5,80.018145,2.181855789
-9.5,-19.5,7,79.5877585,1.920977804
-9.5,-18.5,4,81.71713377,1.676006922
-9.5,-17.5,7,84.31103665,1.030912269
-9.5,-16.5,3,81.66187434,3.525432737
-9.5,-15.5,8,83.33581488,1.163220694
-9.5,-14.5,6,84.76152501,1.399957063
-9.5,-13.5,5,82.40160551,1.166335067
-9.5,-12.5,6,88.16416122,1.708066869
-9.5,-11.5,5,87.71280037,2.303597643
-9.5,-10.5,2,87.7931728,0.3774660199
-9.5,-9.5,6,90.72486792,0.8793927663
-9.5,-8.5,2,91.95699577,0.4493961007
-9.5,-7.5,5,89.94031285,2.081684765
-9.5,-6.5,4,93.33317134,3.100487932
-9.5,-5.5,3,90.75610792,3.152692652
-9.5,-4.5,5,95.41467956,1.916376739
-9.5,-3.5,8,92.67004069,1.47833059
-9.5,-2.5,6,97.44029188,1.187128248
-9.5,-1.5,4,96.45988761,1.319333027
-9.5,-0.5,9,96.07322617,1.313779521
-9.5,0.5,4,94.80367152,2.010530796
-9.5,1.5,5,96.77150755,1.261265561
-9.5,2.5,7,92.49351051,1.390544206
-9.5,3.5,6,95.65198673,2.120728794
-9.5,4.5,2,92.49262419,1.366769866
-9.5,5.5,6,93.60899496,1.225312713
-9.5,6.5,5,92.67707713,3.445470842
-9.5,7.5,6,91.30164802,1.616547931
-9.5,8.5,4,93.13920065,1.41714014
-9.5,9.5,6,86.76976864,1.176139678
-9.5,10.5,4,85.51262397,1.813874117
-9.5,11.5,4,83.85897545,0.6692177665
-9.5,12.5,6,84.45487547,1.344195518
-9.5,13.5,3,86.485636,0.6824654502
-9.5,14.5,4,90.12504701,1.033278494
-9.5,15.5,5,81.77130517,2.713803893
-9.5,16.5,7,84.35118185,0.9219220536
-9.5,17.5,7,83.86853552,1.368857246
-9.5,18.5,2,79.59317281,4.541586
-9.5,19.5,5,83.77149345,1.195104549
-8.5,-19.5,8,82.55836314,0.7113684806
-8.5,-18.5,10,84.27609962,0.6664097611
-8.5,-17.5,5,80.37971956,1.701194203
-8.5,-16.5,8,84.75591231,0.5888718803
-8.5,-15.5,6,84.11140992,1.524145467
-8.5,-14.5,7,83.39501587,1.449039372
-8.5,-13.5,3,88.19531072,2.056224835
-8.5,-12.5,4,87.74302009,2.322235728
-8.5,-11.5,3,85.49616344,2.644534197
-8.5,-10.5,4,90.94036691,2.579978171
-8.5,-9.5,11,91.59321755,1.652080026
-8.5,-8.5,5,91.78130562,1.04896076
-8.5,-7.5,7,92.88701898,1.206682784
-8.5,-6.5,7,97.63810498,0.4755101716
-8.5,-5.5,6,95.12031167,1.901757203
-8.5,-4.5,2,101.9549403,3.668186962
-8.5,-3.5,13,100.1530464,1.377360909
-8.5,-2.5,12,99.07660314,1.45227971
-8.5,-1.5,4,100.4369561,1.794645261
-8.5,-0.5,8,101.8762994,1.813223376
-8.5,0.5,3,103.112026,0.7848197445
-8.5,1.5,6,100.0213772,1.855347591
-8.5,2.5,3,100.4452395,2.341056524
-8.5,3.5,7,100.9528546,2.352776709
-8.5,4.5,4,98.97599423,2.391738759
-8.5,5.5,4,97.73218032,1.004021558
-8.5,6.5,9,94.43395987,1.578083188
-8.5,7.5,6,93.55218409,1.271003991
-8.5,8.5,9,92.75671408,1.235895155
-8.5,9.5,5,91.72555791,1.807149462
-8.5,10.5,3,88.9131966,0.5550231642
-8.5,11.5,5,88.47030903,2.608300318
-8.5,12.5,5,87.60823628,1.603839818
-8.5,13.5,9,86.63564452,1.475150013
-8.5,14.5,2,84.54958171,1.99063999
-8.5,15.5,5,87.55803109,1.681407757
-8.5,16.5,5,82.96629631,1.442449393
-8.5,17.5,5,86.85724349,2.054869923
-8.5,18.5,6,84.05908147,2.232746614
-8.5,19.5,6,84.09022335,0.7253461974
-7.5,-19.5,10,82.70859083,1.19873657
-7.5,-18.5,1,82.00183227,0
-7.5,-17.5,8,82.93104593,1.321507435
-7.5,-16.5,7,84.25960412,0.9058141455
-7.5,-15.5,2,80.35297799,0.8200776337
-7.5,-14.5,7,85.52248734,1.183463276
-7.5,-13.5,1,86.03240398,0
-7.5,-12.5,6,91.29998014,1.703482771
-7.5,-11.5,6,89.43242572,0.9880757894
-7.5,-10.5,10,89.07126424,1.661006122
-7.5,-9.5,6,90.00197425,2.567199968
-7.5,-8.5,5,91.595496,0.5175867868
-7.5,-7.5,5,96.36649001,1.920089778
-7.5,-6.5,9,96.04312795,1.673554685
-7.5,-5.5,7,100.3475609,1.43736894
-7.5,-4.5,4,99.55976207,2.169597037
-7.5,-3.5,11,102.2820324,1.301311255
-7.5,-2.5,7,103.3361615,1.191514486
-7.5,-1.5,9,106.0113382,0.9691642096
-7.5,-0.5,10,106.2332416,1.008666109
-7.5,0.5,7,106.8908585,1.33378679
-7.5,1.5,8,105.8613088,1.189734611
-7.5,2.5,3,106.3888133,1.46760673
-7.5,3.5,9,102.3016139,1.252121998
-7.5,4.5,11,103.7478098,0.9990836163
-7.5,5.5,10,97.23534134,1.519505469
-7.5,6.5,10,98.4680736,1.333252204
-7.5,7.5,3,96.09708095,2.394361333
-7.5,8.5,11,93.36815964,1.587386579
-7.5,9.5,10,92.30088368,1.29449408
-7.5,10.5,7,88.29285776,1.315909101
-7.5,11.5,10,91.94099008,1.349881639
-7.5,12.5,7,87.72394463,2.340696151
-7.5,13.5,10,86.71966136,1.351400945
-7.5,14.5,5,83.04597461,1.950672855
-7.5,15.5,7,84.13787633,0.7463781124
-7.5,16.5,8,84.43451378,0.8685232182
-7.5,17.5,10,82.11945013,1.117428124
-7.5,18.5,6,82.40676009,1.353034356
-7.5,19.5,7,84.33728406,1.160705724
-6.5,-19.5,5,84.30112297,2.199075287
-6.5,-18.5,4,85.83131535,1.338635447
-6.5,-17.5,5,81.6678588,1.663925115
-6.5,-16.5,10,83.9614718,0.8845240422
-6.5,-15.5,6,84.09139002,1.847697036
-6.5,-14.5,6,83.77875015,1.630178774
-6.5,-13.5,4,85.92752102,2.481944329
-6.5,-12.5,10,88.64705705,1.345586752
-6.5,-11.5,10,88.83781994,0.912924126
-6.5,-10.5,5,91.39569522,1.397513266
-6.5,-9.5,7,91.53959895,1.630392686
-6.5,-8.5,3,98.58972537,0.6909218196
-6.5,-7.5,4,99.01879463,1.054030323
-6.5,-6.5,7,97.81017503,0.5667699148
-6.5,-5.5,6,101.4197748,1.40912384
-6.5,-4.5,5,102.7870059,2.556142982
-6.5,-3.5,5,103.440702,2.218318794
-6.5,-2.5,7,108.1696786,1.059072532
-6.5,-1.5,2,106.3074087,6.298498755
-6.5,-0.5,8,110.0459116,1.296415207
-6.5,0.5,3,112.5819921,1.52748793
-6.5,1.5,5,112.3357501,1.823358335
-6.5,2.5,11,106.7957721,1.651203046
-6.5,3.5,10,102.0921542,1.637137526
-6.5,4.5,12,105.0313035,1.243635706
-6.5,5.5,7,100.4901685,1.792344905
-6.5,6.5,8,99.17616356,1.299766433
-6.5,7.5,3,97.48546518,2.644490509
-6.5,8.5,4,97.32737856,1.452439952
-6.5,9.5,4,93.20418927,0.3522412974
-6.5,10.5,8,91.48984089,1.461278657
-6.5,11.5,2,90.34966002,3.742299474
-6.5,12.5,4,85.30795386,1.025727049
-6.5,13.5,6,86.45802474,0.8818078302
-6.5,14.5,11,85.79892055,0.9582171872
-6.5,15.5,12,84.47242248,1.553953107
-6.5,16.5,8,83.19008097,0.8503845729
-6.5,17.5,5,89.20319174,1.479550324
-6.5,18.5,9,79.87965607,1.048918076
-6.5,19.5,11,85.03098625,0.837803904
-5.5,-19.5,3,88.48311357,2.222706254
-5.5,-18.5,4,83.28731439,1.480884773
-5.5,-17.5,5,84.26830163,2.592311121
-5.5,-16.5,4,86.89536991,0.7212473455
-5.5,-15.5,6,88.39675101,0.5393519926
-5.5,-14.5,7,88.64217143,0.7602666922
-5.5,-13.5,10,88.18351393,1.290195479
-5.5,-12.5,8,87.01271721,1.699797892
-5.5,-11.5,3,87.00429452,1.09847955
-5.5,-10.5,8,91.29744058,1.304612202
-5.5,-9.5,9,94.49606813,1.839579587
-5.5,-8.5,9,93.81531071,1.292137369
-5.5,-7.5,9,96.62566039,0.925782826
-5.5,-6.5,4,102.5265198,2.757088815
-5.5,-5.5,6,107.5868023,3.067667179
-5.5,-4.5,5,110.8496664,2.017376447
-5.5,-3.5,4,113.6795689,3.894764311
-5.5,-2.5,4,113.1988803,2.276525983
-5.5,-1.5,4,114.5330206,1.914412906
-5.5,-0.5,2,116.0413273,3.710007542
-5.5,0.5,7,116.04255,3.369157615
-5.5,1.5,6,117.0387153,1.750625767
-5.5,2.5,7,114.2818467,1.434168558
-5.5,3.5,7,112.3380455,0.8526275018
-5.5,4.5,8,112.4459003,3.657662619
-5.5,5.5,6,103.5413596,1.703503204
-5.5,6.5,3,101.222952,4.632130562
-5.5,7.5,14,100.1154487,1.23467839
-5.5,8.5,6,97.07715933,1.251324519
-5.5,9.5,8,93.44307773,0.8760167016
-5.5,10.5,8,92.16841155,1.864753322
-5.5,11.5,9,90.61604412,1.922109227
-5.5,12.5,5,89.42636259,2.435236964
-5.5,13.5,8,88.06224348,1.246311934
-5.5,14.5,6,85.94259172,1.851096927
-5.5,15.5,8,85.96861829,1.180875236
-5.5,16.5,6,87.43426151,1.580949924
-5.5,17.5,5,84.16657612,1.212115337
-5.5,18.5,10,84.47004729,0.9909455457
-5.5,19.5,10,80.82861464,1.412466268
-4.5,-19.5,6,82.79286577,1.061037314
-4.5,-18.5,8,82.55061759,1.743709603
-4.5,-17.5,5,84.9112497,1.685881691
-4.5,-16.5,8,85.11010542,1.272753849
-4.5,-15.5,3,84.27494674,1.109912441
-4.5,-14.5,7,87.41738897,1.525785029
-4.5,-13.5,7,88.10768732,1.50853872
-4.5,-12.5,6,90.93040929,1.750051416
-4.5,-11.5,3,89.75584874,2.667143003
-4.5,-10.5,6,94.73211263,1.522685459
-4.5,-9.5,9,93.2787152,1.354160231
-4.5,-8.5,11,98.15912437,2.026373514
-4.5,-7.5,9,102.2520981,1.402388529
-4.5,-6.5,3,106.2821663,1.277564104
-4.5,-5.5,3,108.3952141,2.693339807
-4.5,-4.5,8,112.8775842,1.382744808
-4.5,-3.5,5,117.9286838,4.320106839
-4.5,-2.5,5,127.4545224,1.460517263
-4.5,-1.5,8,124.5137282,2.118042278
-4.5,-0.5,8,123.3047144,1.699373467
-4.5,0.5,5,125.2837216,2.805049611
-4.5,1.5,11,123.4975993,1.728722865
-4.5,2.5,10,121.3337907,1.40631779
-4.5,3.5,4,112.82118,2.358328095
-4.5,4.5,8,113.4746201,1.371893881
-4.5,5.5,5,107.2450735,1.563666276
-4.5,6.5,4,102.3397606,2.645972717
-4.5,7.5,5,101.9965958,3.510318168
-4.5,8.5,8,98.5163386,2.078761125
-4.5,9.5,3,94.03696451,2.876601676
-4.5,10.5,2,96.32966645,2.182969674
-4.5,11.5,10,90.11081672,2.035289307
-4.5,12.5,1,93.35526378,0
-4.5,13.5,7,89.23375924,1.365070861
-4.5,14.5,10,88.62309607,1.587115726
-4.5,15.5,9,87.13588399,1.969962892
-4.5,16.5,4,84.77783594,2.310578394
-4.5,17.5,4,83.00867272,0.5824014646
-4.5,18.5,7,86.104801,1.989112761
-4.5,19.5,5,86.86479795,1.771229347
-3.5,-19.5,1,82.51579871,0
-3.5,-18.5,4,84.59031429,1.647066119
-3.5,-17.5,8,84.76209814,1.401710234
-3.5,-16.5,3,86.89038523,0.8815547038
-3.5,-15.5,13,86.68085037,0.8819511663
-3.5,-14.5,5,85.02120235,1.24706539
-3.5,-13.5,6,87.13235972,1.394446365
-3.5,-12.5,6,91.49676635,1.442801802
-3.5,-11.5,3,93.28438413,3.498812486
-3.5,-10.5,11,95.03000483,0.9776542966
-3.5,-9.5,6,97.34530906,1.881735589
-3.5,-8.5,5,100.4139046,0.9493819868
-3.5,-7.5,7,103.0037788,1.53472284
-3.5,-6.5,5,105.21525,1.912800176
-3.5,-5.5,9,108.965321,1.6138023
-3.5,-4.5,5,115.2640746,1.705702615
-3.5,-3.5,3,125.7131754,2.960188425
-3.5,-2.5,10,135.715845,3.860564353
-3.5,-1.5,5,137.6408051,3.984731972
-3.5,-0.5,7,147.4139868,4.231276382
-3.5,0.5,7,149.7269072,2.271026055
-3.5,1.5,5,140.2823913,4.446169308
-3.5,2.5,5,129.4144717,3.043806047
-3.5,3.5,5,115.2258009,2.911168016
-3.5,4.5,6,113.9947616,2.861040347
-3.5,5.5,6,109.1789234,2.881667774
-3.5,6.5,8,107.3787917,1.471473819
-3.5,7.5,3,100.2664198,1.606410239
-3.5,8.5,5,99.44984592,2.631690502
-3.5,9.5,5,96.5276813,1.815734831
-3.5,10.5,6,95.18528676,1.894809881
-3.5,11.5,3,89.95886532,2.334454593
-3.5,12.5,2,88.76536275,1.170577788
-3.5,13.5,5,92.74272751,0.930424378
-3.5,14.5,8,85.53764957,1.232916916
-3.5,15.5,5,86.30821922,1.502264273
-3.5,16.5,10,86.13011195,1.371053418
-3.5,17.5,5,85.60896578,2.271553657
-3.5,18.5,12,85.99038452,0.8780116027
-3.5,19.5,3,81.89506445,3.052070138
-2.5,-19.5,5,83.75574942,1.350017848
-2.5,-18.5,7,84.94565826,2.18130275
-2.5,-17.5,5,85.25303729,0.8065963163
-2.5,-16.5,6,87.85756743,1.039542541
-2.5,-15.5,6,83.79649403,0.8573620368
-2.5,-14.5,9,85.90441109,0.8385569855
-2.5,-13.5,5,90.1482249,0.8722618612
-2.5,-12.5,9,91.10224455,1.430631665
-2.5,-11.5,1,87.81518309,0
-2.5,-10.5,6,92.55538773,2.210121622
-2.5,-9.5,5,95.81035239,1.969916551
-2.5,-8.5,6,99.34835283,0.9107420573
-2.5,-7.5,12,102.7617117,1.393919006
-2.5,-6.5,3,106.5647821,0.4814833515
-2.5,-5.5,6,113.5963321,1.788735064
-2.5,-4.5,5,118.8967404,2.289382196
-2.5,-3.5,5,132.5168553,2.775385985
-2.5,-2.5,3,156.9605729,2.996342738
-2.5,-1.5,7,166.1455382,2.925761233
-2.5,-0.5,9,173.2133877,4.030568209
-2.5,0.5,2,173.2934664,1.069907449
-2.5,1.5,6,162.2814001,3.297068235
-2.5,2.5,5,156.8614451,3.145514616
-2.5,3.5,12,133.2937985,2.776412319
-2.5,4.5,5,121.6040924,4.708221333
-2.5,5.5,6,110.2984832,1.082702925
-2.5,6.5,4,108.492528,2.267611655
-2.5,7.5,7,103.1352485,2.047133216
-2.5,8.5,3,98.20953502,3.359385531
-2.5,9.5,8,97.9648266,1.650596048
-2.5,10.5,4,96.31290514,1.979466093
-2.5,11.5,6,94.33448758,0.9447015502
-2.5,12.5,4,93.53695815,1.952590511
-2.5,13.5,3,88.62432637,1.984425554
-2.5,14.5,4,88.92899384,1.829885102
-2.5,15.5,15,86.01203619,1.094268661
-2.5,16.5,5,89.43470546,1.52549816
-2.5,17.5,8,86.32980964,1.357818964
-2.5,18.5,7,86.991197,1.25983551
-2.5,19.5,4,81.5697382,1.885295624
-1.5,-19.5,8,85.96626055,1.896866138
-1.5,-18.5,9,82.99380579,1.279881335
-1.5,-17.5,4,85.54142669,2.630334701
-1.5,-16.5,5,85.25758152,2.233587679
-1.5,-15.5,8,88.1842711,1.55741051
-1.5,-14.5,8,87.88205145,1.131778976
-1.5,-13.5,2,86.3278426,2.038161942
-1.5,-12.5,3,87.49744197,3.247842008
-1.5,-11.5,5,89.70102882,0.7312456618
-1.5,-10.5,4,98.03509135,2.472610849
-1.5,-9.5,7,97.83300791,1.051404489
-1.5,-8.5,4,99.42807092,1.504171462
-1.5,-7.5,9,105.2018228,1.542142209
-1.5,-6.5,4,108.6150502,1.21344711
-1.5,-5.5,4,111.0321356,2.575843272
-1.5,-4.5,6,129.5595029,7.722353257
-1.5,-3.5,12,141.9300974,3.296547982
-1.5,-2.5,6,168.6587556,2.429407
-1.5,-1.5,7,179.9834916,5.058935206
-1.5,-0.5,7,181.0644966,2.364793666
-1.5,0.5,11,183.922334,2.554594918
-1.5,1.5,5,181.5170231,3.951659645
-1.5,2.5,4,162.8539177,0.6637710484
-1.5,3.5,9,141.0230706,2.414577307
-1.5,4.5,10,126.5050927,1.918026215
-1.5,5.5,4,118.8452548,2.853974872
-1.5,6.5,3,113.1516166,2.937547172
-1.5,7.5,6,107.2545929,0.9032541179
-1.5,8.5,6,100.0130488,1.755274144
-1.5,9.5,6,98.80049375,1.619821182
-1.5,10.5,4,91.76728686,1.34149889
-1.5,11.5,8,93.40191323,2.25344981
-1.5,12.5,8,90.01891695,1.111107345
-1.5,13.5,5,91.31726047,0.8758774091
-1.5,14.5,8,83.55518796,1.42344956
-1.5,15.5,6,88.07584518,0.6467476025
-1.5,16.5,6,84.30819379,0.7322946127
-1.5,17.5,7,87.96743244,2.005773341
-1.5,18.5,4,80.78205286,1.638697944
-1.5,19.5,4,86.60052593,2.007163756
-0.5,-19.5,4,84.80688813,2.051438718
-0.5,-18.5,4,82.99497528,1.079733584
-0.5,-17.5,6,85.28099376,1.218461814
-0.5,-16.5,3,87.97032879,1.039365743
-0.5,-15.5,13,86.48524402,1.012763725
-0.5,-14.5,8,86.20746914,1.346427818
-0.5,-13.5,6,93.55586415,1.032266694
-0.5,-12.5,6,87.65893169,1.187325901
-0.5,-11.5,4,95.32813198,0.9960935611
-0.5,-10.5,8,96.25973144,1.073705192
-0.5,-9.5,3,95.48500043,1.783990145
-0.5,-8.5,7,99.4833237,1.174001652
-0.5,-7.5,8,105.3719357,2.284430995
-0.5,-6.5,4,108.253414,3.04222929
-0.5,-5.5,2,117.8928847,0.7477791509
-0.5,-4.5,9,127.6976545,1.466802726
-0.5,-3.5,3,144.1175706,4.627848212
-0.5,-2.5,5,171.1927732,2.618564773
-0.5,-1.5,5,181.7239961,3.340116084
-0.5,-0.5,6,188.6404295,4.161510357
-0.5,0.5,4,183.9692277,3.109374034
-0.5,1.5,6,184.6423553,3.213117866
-0.5,2.5,3,162.8303486,6.055020918
-0.5,3.5,9,137.8178076,2.128126528
-0.5,4.5,6,131.4440592,2.129743783
-0.5,5.5,3,112.8930557,3.542078184
-0.5,6.5,5,108.0109223,0.7363487446
-0.5,7.5,10,105.4373534,0.9442894693
-0.5,8.5,7,101.4726496,0.8757054892
-0.5,9.5,7,97.02042466,1.570972113
-0.5,10.5,6,95.12873568,1.578922667
-0.5,11.5,7,93.75525811,0.6006847051
-0.5,12.5,6,90.90699447,1.515933601
-0.5,13.5,5,88.7198624,2.786141262
-0.5,14.5,5,87.95075333,1.609915656
-0.5,15.5,8,86.76407487,1.173996155
-0.5,16.5,5,84.41693181,1.062722348
-0.5,17.5,5,83.89517112,1.423930122
-0.5,18.5,4,84.53855104,1.229655676
-0.5,19.5,7,83.72112953,1.439154832
0.5,-19.5,5,88.58253653,2.55598131
0.5,-18.5,4,82.78772122,1.386825203
0.5,-17.5,10,84.8303842,1.258789466
0.5,-16.5,8,86.7113156,1.934436577
0.5,-15.5,7,86.88189472,1.14386778
0.5,-14.5,5,84.10636048,1.457527832
0.5,-13.5,7,86.92944546,1.936634673
0.5,-12.5,7,89.76941285,2.134025826
0.5,-11.5,7,93.58820345,1.117614019
0.5,-10.5,8,95.41059396,1.891949742
0.5,-9.5,7,99.4061246,1.292533836
0.5,-8.5,5,101.3325093,1.741159315
0.5,-7.5,6,108.2278889,1.213663832
0.5,-6.5,9,112.6133015,1.719832225
0.5,-5.5,8,118.6803527,2.40073438
0.5,-4.5,7,129.2434385,1.526076867
0.5,-3.5,5,139.2132801,2.794221283
0.5,-2.5,5,178.9868785,3.286243321
0.5,-1.5,5,188.1637051,2.50379729
0.5,-0.5,7,192.9316289,3.166338774
0.5,0.5,6,188.0342475,1.748827109
0.5,1.5,5,182.9839251,5.163719355
0.5,2.5,8,159.7453743,3.487771646
0.5,3.5,10,138.9250021,2.440646152
0.5,4.5,3,124.6886889,7.505843658
0.5,5.5,2,110.6030235,1.258207955
0.5,6.5,6,109.4065282,1.538856582
0.5,7.5,3,101.8275662,1.05613763
0.5,8.5,8,102.9150224,1.85471887
0.5,9.5,11,98.67384281,0.7197650066
0.5,10.5,3,92.15957672,1.633531201
0.5,11.5,8,92.0943526,0.9479943472
0.5,12.5,8,92.93476396,1.552441698
0.5,13.5,11,91.42096476,1.417239795
0.5,14.5,5,90.11085168,0.9501576901
0.5,15.5,4,87.21670255,0.4330269767
0.5,16.5,7,87.97055555,2.271122286
0.5,17.5,7,85.81107933,1.190620072
0.5,18.5,14,83.4185638,0.8275774362
0.5,19.5,7,85.29399832,1.23889111
1.5,-19.5,9,85.65733081,0.7634399694
1.5,-18.5,8,84.86048071,1.125863985
1.5,-17.5,4,84.97641897,1.927376438
1.5,-16.5,6,88.00509602,2.072537955
1.5,-15.5,8,84.96687063,1.973555621
1.5,-14.5,5,87.62148559,2.42377102
1.5,-13.5,5,89.98961065,1.293613019
1.5,-12.5,6,89.58404735,2.183977475
1.5,-11.5,5,92.78326236,1.054856314
1.5,-10.5,6,94.26160558,1.518442631
1.5,-9.5,5,98.50824824,1.13151235
1.5,-8.5,3,102.7248507,1.646230321
1.5,-7.5,6,102.876305,0.9874731766
1.5,-6.5,2,105.8905405,3.614454976
1.5,-5.5,6,117.9070464,0.8303823608
1.5,-4.5,6,124.2047122,2.099335456
1.5,-3.5,2,140.6771617,3.340841546
1.5,-2.5,8,171.5009322,2.959989572
1.5,-1.5,7,182.0784004,3.095392764
1.5,-0.5,7,180.4579481,3.106887093
1.5,0.5,7,182.653603,3.108717336
1.5,1.5,5,181.0708969,2.124513677
1.5,2.5,7,166.5507972,4.751195263
1.5,3.5,2,140.2365854,0.7952399072
1.5,4.5,5,124.7132693,2.320388949
1.5,5.5,6,113.3263557,2.784726774
1.5,6.5,6,112.0668733,2.416072944
1.5,7.5,9,104.2872283,1.341205272
1.5,8.5,7,103.1156617,1.75418312
1.5,9.5,7,94.27461532,2.131947795
1.5,10.5,11,93.72770162,1.23473688
1.5,11.5,4,90.04664322,2.916458116
1.5,12.5,7,92.9605628,1.680004464
1.5,13.5,3,90.0590081,2.403898234
1.5,14.5,6,88.16317276,1.32677764
1.5,15.5,4,85.28839951,2.458117751
1.5,16.5,5,85.69195435,1.956760872
1.5,17.5,6,85.61301287,2.980657252
1.5,18.5,3,86.12076982,1.85417141
1.5,19.5,8,86.16202991,1.370546605
2.5,-19.5,4,80.40697929,1.130200674
2.5,-18.5,5,83.95451565,1.233636504
2.5,-17.5,4,86.89908188,2.187011222
2.5,-16.5,8,82.91933155,1.284414759
2.5,-15.5,7,86.06997337,1.677515249
2.5,-14.5,3,87.62050006,1.593355879
2.5,-13.5,4,90.70857259,0.8475617834
2.5,-12.5,8,90.20687309,1.110179215
2.5,-11.5,7,93.45918185,1.202725276
2.5,-10.5,9,93.70690955,1.557223414
2.5,-9.5,5,94.57704331,0.801228729
2.5,-8.5,4,96.74253443,2.166770324
2.5,-7.5,8,103.4190437,2.055081958
2.5,-6.5,7,108.0540984,1.969987715
2.5,-5.5,4,112.7800259,3.924941748
2.5,-4.5,10,119.6928949,2.12656146
2.5,-3.5,5,133.0798575,3.153173466
2.5,-2.5,9,153.5983016,3.329396303
2.5,-1.5,10,169.2607118,4.011134469
2.5,-0.5,0,0,0
2.5,0.5,5,164.8000965,3.689443111
2.5,1.5,8,173.9183427,3.130178735
2.5,2.5,8,156.6840851,4.018340718
2.5,3.5,6,131.3635583,3.082864416
2.5,4.5,5,116.6961842,1.946486825
2.5,5.5,7,109.8598919,2.667816391
2.5,6.5,8,108.0623166,2.054623582
2.5,7.5,5,109.6300185,2.855155802
2.5,8.5,7,100.3841929,2.221752674
2.5,9.5,7,94.1758055,2.037272713
2.5,10.5,4,95.64477858,1.108652833
2.5,11.5,7,95.43135238,1.548723472
2.5,12.5,5,91.31617157,2.158841328
2.5,13.5,5,90.91220567,2.355387182
2.5,14.5,14,88.36235802,1.186081225
2.5,15.5,7,84.58084032,1.094638802
2.5,16.5,7,85.38313328,2.636693162
2.5,17.5,1,80.67353672,0
2.5,18.5,5,84.2230707,1.789557252
2.5,19.5,6,84.70344634,2.015057473
3.5,-19.5,5,83.39958447,1.258571939
3.5,-18.5,5,84.97420971,1.300973158
3.5,-17.5,7,86.07267531,1.275569851
3.5,-16.5,8,86.38928912,1.423153781
3.5,-15.5,5,85.87736559,2.412588139
3.5,-14.5,8,87.41997754,1.138015735
3.5,-13.5,9,91.18626913,1.083935575
3.5,-12.5,10,90.46853668,1.725759605
3.5,-11.5,6,91.83073511,2.670756601
3.5,-10.5,8,92.51815172,1.05365418
3.5,-9.5,3,94.03616275,2.698934606
3.5,-8.5,8,98.89505185,1.09529516
3.5,-7.5,5,101.289783,2.089375172
3.5,-6.5,9,106.1358729,1.282655681
3.5,-5.5,8,110.1158342,1.9240469
3.5,-4.5,4,114.3276748,3.597512067
3.5,-3.5,6,123.4206381,2.193726108
3.5,-2.5,5,147.8876792,9.631346884
3.5,-1.5,16,139.8803433,2.330516121
3.5,-0.5,6,139.3350735,3.618352288
3.5,0.5,3,147.5626202,1.982173104
3.5,1.5,4,141.9997855,4.279280664
3.5,2.5,5,132.6061739,2.428630211
3.5,3.5,11,122.9658441,1.390088675
3.5,4.5,10,119.4012838,1.638634606
3.5,5.5,6,108.1220035,0.8656931781
3.5,6.5,9,109.0847796,1.232883656
3.5,7.5,4,98.97694717,1.970043334
3.5,8.5,7,99.67671426,1.622035838
3.5,9.5,10,96.6872765,1.040631218
3.5,10.5,3,93.79434966,2.567820001
3.5,11.5,8,90.52450531,1.492537456
3.5,12.5,6,93.32785056,1.104914006
3.5,13.5,6,87.65689059,1.420282826
3.5,14.5,10,85.90784255,1.566457306
3.5,15.5,9,87.91714237,1.951215576
3.5,16.5,8,86.18227566,1.47485048
3.5,17.5,9,85.80105968,1.501979953
3.5,18.5,7,84.75596331,1.068117704
3.5,19.5,9,81.5132493,0.9161065943
4.5,-19.5,5,87.51062446,2.504558408
4.5,-18.5,6,85.52255188,1.605047206
4.5,-17.5,5,82.89152603,1.018569107
4.5,-16.5,3,83.16991989,1.452265966
4.5,-15.5,5,84.20961659,0.57250785
4.5,-14.5,7,87.33370978,1.450743325
4.5,-13.5,6,87.19435291,1.765568804
4.5,-12.5,6,89.98105441,1.516140239
4.5,-11.5,2,92.80692313,0.922569244
4.5,-10.5,6,95.94289638,0.7313660683
4.5,-9.5,7,94.49232799,1.4263331
4.5,-8.5,9,96.42899335,1.517803286
4.5,-7.5,10,102.9522147,1.55501663
4.5,-6.5,4,102.3168936,1.439400344
4.5,-5.5,5,106.5886198,1.795623035
4.5,-4.5,3,109.9054193,3.393927063
4.5,-3.5,5,115.1518281,1.024282294
4.5,-2.5,3,123.2085758,5.379080119
4.5,-1.5,11,122.7770414,1.694781493
4.5,-0.5,5,123.4307889,2.067932411
4.5,0.5,8,125.3833999,1.699113866
4.5,1.5,7,128.5729292,1.506724346
4.5,2.5,3,121.3788415,1.084410561
4.5,3.5,6,116.9311952,2.734507886
4.5,4.5,5,109.0774334,1.84697185
4.5,5.5,4,110.1307077,2.808043331
4.5,6.5,7,102.8197994,0.7457702591
4.5,7.5,10,100.6515626,1.493650733
4.5,8.5,5,95.15117331,1.382168866
4.5,9.5,7,96.54030792,1.604425486
4.5,10.5,5,91.77764278,2.397841581
4.5,11.5,6,90.28101664,1.286283209
4.5,12.5,3,91.90657824,4.084793845
4.5,13.5,5,93.24265742,1.799067921
4.5,14.5,5,85.158465,1.148546245
4.5,15.5,2,86.26825422,0.7429773148
4.5,16.5,4,91.44486266,1.46725606
4.5,17.5,4,83.25028252,1.356947279
4.5,18.5,5,83.55073323,1.09440712
4.5,19.5,10,83.34392909,1.009924727
5.5,-19.5,9,83.78814388,1.407078096
5.5,-18.5,6,86.49943583,1.382793093
5.5,-17.5,4,86.85079573,0.9312118493
5.5,-16.5,4,83.65493994,2.086105103
5.5,-15.5,1,82.32978572,0
5.5,-14.5,5,87.0673117,2.010080776
5.5,-13.5,8,90.22329746,1.93196019
5.5,-12.5,3,90.59006425,2.481975924
5.5,-11.5,4,88.76924168,1.536194782
5.5,-10.5,4,93.83054571,1.439449533
5.5,-9.5,7,91.09065491,1.56794631
5.5,-8.5,5,94.35586903,1.577020689
5.5,-7.5,6,95.48307068,2.0263881
5.5,-6.5,6,99.52305042,0.9772946613
5.5,-5.5,10,103.640568,1.623956032
5.5,-4.5,11,111.0515991,1.706484196
5.5,-3.5,2,105.3434072,0.1950900572
5.5,-2.5,3,115.6836525,1.584382248
5.5,-1.5,4,118.039768,2.48198125
5.5,-0.5,6,120.1463858,3.057261998
5.5,0.5,7,114.7453894,2.079122224
5.5,1.5,8,114.7703912,2.274496579
5.5,2.5,3,118.8504665,3.522764875
5.5,3.5,7,107.9371911,1.020512667
5.5,4.5,3,111.3231195,1.57321526
5.5,5.5,8,108.5934601,1.407457969
5.5,6.5,8,102.7366957,1.066860927
5.5,7.5,3,100.4063433,1.224564967
5.5,8.5,4,93.36196216,1.241866502
5.5,9.5,4,96.20480596,2.073038787
5.5,10.5,7,94.36842441,1.519742401
5.5,11.5,2,87.8053472,2.223989345
5.5,12.5,6,91.34481734,1.092337498
5.5,13.5,4,89.09805834,1.524601924
5.5,14.5,4,85.23216086,1.132118006
5.5,15.5,11,84.91363245,1.044568192
5.5,16.5,9,83.56032784,1.416452336
5.5,17.5,9,83.43429311,1.789188642
5.5,18.5,6,84.31389873,1.231944995
5.5,19.5,8,82.7368878,1.358648654
6.5,-19.5,5,84.61891291,1.247544494
6.5,-18.5,7,81.78838677,0.6881179212
6.5,-17.5,12,80.83178503,1.032205448
6.5,-16.5,9,84.57041455,0.5174366339
6.5,-15.5,6,84.96589371,1.245951962
6.5,-14.5,8,87.03389567,1.467572415
6.5,-13.5,2,86.04418254,0.2799272598
6.5,-12.5,5,89.14673323,2.062521557
6.5,-11.5,7,88.70787811,2.039331253
6.5,-10.5,6,93.52721963,0.8693771916
6.5,-9.5,5,89.89278475,0.9627406535
6.5,-8.5,4,95.37630276,4.270896732
6.5,-7.5,7,96.52805437,1.805628863
6.5,-6.5,7,96.5622199,2.884253474
6.5,-5.5,6,98.96652112,1.81770658
6.5,-4.5,3,107.2321956,1.728156591
6.5,-3.5,6,108.0694102,2.431601647
6.5,-2.5,9,111.1411726,1.298470538
6.5,-1.5,5,108.53723,1.706983428
6.5,-0.5,5,109.7095577,1.735392948
6.5,0.5,10,110.0179297,1.521744641
6.5,1.5,10,108.3814798,1.605408994
6.5,2.5,6,108.1665406,1.365748595
6.5,3.5,6,103.5350749,0.7791393447
6.5,4.5,4,106.3430974,2.477779176
6.5,5.5,3,106.7070715,0.8437117437
6.5,6.5,6,97.17792864,1.881049014
6.5,7.5,7,97.01338506,1.45923083
6.5,8.5,11,96.06662272,1.016795531
6.5,9.5,10,94.93910472,1.727501211
6.5,10.5,5,92.8156825,2.901232298
6.5,11.5,7,86.453689,0.8578092374
6.5,12.5,8,91.88409521,1.962007896
6.5,13.5,9,88.48680959,1.657696655
6.5,14.5,5,87.05223374,1.793775808
6.5,15.5,9,86.63548452,1.777960416
6.5,16.5,7,87.32560543,1.61568679
6.5,17.5,8,87.34351119,1.753698893
6.5,18.5,3,86.63231077,1.661661145
6.5,19.5,6,82.10331978,1.404086172
7.5,-19.5,8,81.20339521,1.185542792
7.5,-18.5,5,85.63377885,0.9311742946
7.5,-17.5,10,83.18164156,0.8301364879
7.5,-16.5,7,85.20184318,1.082396261
7.5,-15.5,11,84.73709457,0.8058313012
7.5,-14.5,6,87.21686468,1.66126177
7.5,-13.5,9,85.48427107,1.074929054
7.5,-12.5,7,87.73023081,1.650109838
7.5,-11.5,2,87.93361092,1.710451125
7.5,-10.5,9,93.95869805,1.416428985
7.5,-9.5,4,88.15835914,1.595621582
7.5,-8.5,8,94.63581744,1.175276304
7.5,-7.5,4,92.37251583,1.337676314
7.5,-6.5,7,96.02750324,1.204233032
7.5,-5.5,6,100.1633322,2.023544738
7.5,-4.5,6,103.6656611,2.081359133
7.5,-3.5,2,101.8632699,1.760613913
7.5,-2.5,7,102.8755913,0.9495854264
7.5,-1.5,6,104.1974473,1.335731359
7.5,-0.5,11,106.3451244,1.176195647
7.5,0.5,8,106.0178748,1.65827001
7.5,1.5,4,105.3055383,1.788288092
7.5,2.5,3,105.4694033,2.1350791
7.5,3.5,4,101.5631424,2.588159929
7.5,4.5,1,101.3574132,0
7.5,5.5,6,103.5914278,0.7554998451
7.5,6.5,4,96.03706705,2.076110334
7.5,7.5,4,94.78284597,1.60503715
7.5,8.5,6,91.85076329,2.364771872
7.5,9.5,8,87.5488134,1.589483233
7.5,10.5,3,90.48517748,3.007257039
7.5,11.5,10,87.63469604,1.002996067
7.5,12.5,4,87.9319397,1.00651989
7.5,13.5,3,85.66834229,1.824952195
7.5,14.5,13,85.18631965,1.05624359
7.5,15.5,7,82.29447208,1.36622597
7.5,16.5,7,83.46920257,1.105913132
7.5,17.5,4,85.92118584,2.14861479
7.5,18.5,5,84.40428501,2.154256575
7.5,19.5,5,82.01691768,2.214254617
8.5,-19.5,11,79.21178079,1.279007684
8.5,-18.5,9,84.52325905,1.77555523
8.5,-17.5,9,84.53696603,0.8782013272
8.5,-16.5,8,83.1573815,1.591406854
8.5,-15.5,8,85.59238799,1.500143789
8.5,-14.5,7,82.56571237,1.805332177
8.5,-13.5,6,86.41070112,1.996663987
8.5,-12.5,6,86.63503974,1.894601368
8.5,-11.5,5,87.24738479,2.516332036
8.5,-10.5,7,90.70316391,1.938763362
8.5,-9.5,7,90.11492999,2.139399687
8.5,-8.5,13,91.79175476,0.9025071967
8.5,-7.5,4,93.99765186,0.9441592659
8.5,-6.5,2,90.22739344,2.748880494
8.5,-5.5,9,96.05938516,1.360061873
8.5,-4.5,4,95.10040292,0.8046108716
8.5,-3.5,6,102.8558108,1.783856725
8.5,-2.5,5,101.2715136,0.3998526973
8.5,-1.5,5,97.90286421,1.084334638
8.5,-0.5,7,102.5546278,1.178707886
8.5,0.5,8,103.3253067,1.144549442
8.5,1.5,9,99.69033663,1.82811128
8.5,2.5,5,99.00417968,1.819027635
8.5,3.5,6,100.4160622,2.970609285
8.5,4.5,3,101.975127,3.083134694
8.5,5.5,4,96.53990108,2.922814294
8.5,6.5,7,94.96329026,1.069163909
8.5,7.5,2,96.25221303,2.402970883
8.5,8.5,12,90.3583688,1.639536412
8.5,9.5,4,88.93563423,2.914002367
8.5,10.5,8,90.31167554,1.585846214
8.5,11.5,5,86.63271926,1.231198979
8.5,12.5,5,89.9640004,1.668867068
8.5,13.5,6,88.28217402,1.342110002
8.5,14.5,5,87.72204732,0.6933748833
8.5,15.5,5,85.42138223,1.070058929
8.5,16.5,1,88.46636929,0
8.5,17.5,5,83.23593947,1.880517174
8.5,18.5,9,84.59798338,1.089701051
8.5,19.5,8,81.75051584,1.204543989
9.5,-19.5,3,81.59124986,2.013698643
9.5,-18.5,4,84.32874915,1.606647783
9.5,-17.5,6,83.54610633,1.657800063
9.5,-16.5,5,84.45741791,1.508967525
9.5,-15.5,5,86.19029552,1.206053806
9.5,-14.5,8,83.99098675,1.928752977
9.5,-13.5,8,85.37553873,1.661761916
9.5,-12.5,4,86.32183003,1.301458952
9.5,-11.5,7,86.83632968,1.977790266
9.5,-10.5,9,90.64592283,1.866074982
9.5,-9.5,5,88.58895092,2.041787942
9.5,-8.5,8,90.73111515,1.757760364
9.5,-7.5,3,96.07507252,0.7486428191
9.5,-6.5,6,94.35574486,1.428122632
9.5,-5.5,9,94.13912437,0.8505904504
9.5,-4.5,10,96.36038743,1.247516433
9.5,-3.5,7,95.52621393,1.729003524
9.5,-2.5,10,98.13005028,1.475048727
9.5,-1.5,12,95.88226785,1.45620065
9.5,-0.5,5,103.0044359,0.988556482
9.5,0.5,5,98.76568127,1.146261089
9.5,1.5,5,101.8418131,1.255818929
9.5,2.5,6,98.4199056,1.114242972
9.5,3.5,4,97.52244514,2.621088448
9.5,4.5,7,92.07177844,2.338344442
9.5,5.5,8,96.46658244,1.303743089
9.5,6.5,7,93.28816752,1.338751273
9.5,7.5,5,93.28731223,2.489770409
9.5,8.5,7,89.08436679,1.330877621
9.5,9.5,8,88.02910778,0.8488633831
9.5,10.5,4,86.1335948,0.779889884
9.5,11.5,7,88.71056572,2.417625405
9.5,12.5,3,84.78386017,0.2925016708
9.5,13.5,5,84.36458891,1.861834112
9.5,14.5,9,85.2165481,1.061713959
9.5,15.5,5,83.41504832,0.7222680231
9.5,16.5,2,82.3856132,0.5876899191
9.5,17.5,7,81.79234297,0.5455944608
9.5,18.5,7,81.64442129,1.022810499
9.5,19.5,8,78.96006908,1.310011762
10.5,-19.5,12,81.32151541,1.023329316
10.5,-18.5,9,80.28439744,1.362853357
10.5,-17.5,11,79.68811006,1.250873384
10.5,-16.5,5,80.52230795,1.44229143
10.5,-15.5,5,83.32932545,1.299444278
10.5,-14.5,8,81.13271426,0.9957869595
10.5,-13.5,7,83.31417475,1.872526211
10.5,-12.5,3,83.46641706,0.9854427639
10.5,-11.5,5,89.3064871,1.830359059
10.5,-10.5,12,89.14775137,1.448461405
10.5,-9.5,4,90.46154481,0.9100519708
10.5,-8.5,5,89.07142643,2.907803116
10.5,-7.5,10,87.55905954,1.271210945
10.5,-6.5,8,89.60332291,0.9836184519
10.5,-5.5,5,90.79660237,1.5834992
10.5,-4.5,9,91.5832583,0.7935501667
10.5,-3.5,6,93.13115967,2.442388842
10.5,-2.5,8,94.73370448,1.171698634
10.5,-1.5,3,98.20670874,1.963179354
10.5,-0.5,9,99.28513654,4.29427871
10.5,0.5,11,95.77205926,0.6830014638
10.5,1.5,4,91.73780696,1.646161258
10.5,2.5,8,95.37337059,1.2827923
10.5,3.5,9,94.74332994,1.286654433
10.5,4.5,4,96.34433615,2.33366799
10.5,5.5,6,94.47788121,2.171654293
10.5,6.5,5,90.75054685,2.136306414
10.5,7.5,9,89.05019771,0.9435034411
10.5,8.5,4,91.5121423,2.775017946
10.5,9.5,7,90.46934298,0.8024530165
10.5,10.5,4,88.31317621,2.390697588
10.5,11.5,8,86.2900218,1.890060582
10.5,12.5,7,86.29888069,1.923833243
10.5,13.5,2,85.67886958,0.9393086808
10.5,14.5,8,87.18701331,1.143439228
10.5,15.5,6,84.61976493,1.556141072
10.5,16.5,6,80.79341661,1.997780091
10.5,17.5,8,83.03406221,1.30241039
10.5,18.5,4,80.49738194,2.567552263
10.5,19.5,7,82.14973541,1.662468479
11.5,-19.5,3,82.64040072,1.156483864
11.5,-18.5,6,79.83262544,0.9502447569
11.5,-17.5,4,79.15470021,0.1939566953
11.5,-16.5,2,84.1824881,3.653357953
11.5,-15.5,11,81.17956411,1.179392661
11.5,-14.5,5,82.67784016,0.8816450094
11.5,-13.5,7,84.25999367,1.596055882
11.5,-12.5,5,84.50242577,2.180957258
11.5,-11.5,7,85.87325652,2.404428417
11.5,-10.5,6,90.42090873,1.791521661
11.5,-9.5,3,88.8342467,0.7888474227
11.5,-8.5,3,88.02881067,1.56951304
11.5,-7.5,9,86.74640193,1.199359571
11.5,-6.5,8,89.41866054,1.045539281
11.5,-5.5,8,87.56603352,0.8613576565
11.5,-4.5,7,88.99520954,1.487304729
11.5,-3.5,14,91.55653921,1.277242174
11.5,-2.5,5,93.73068845,1.87033084
11.5,-1.5,2,89.1244923,2.042559409
11.5,-0.5,3,93.09568857,1.136177532
11.5,0.5,4,92.90882117,1.9247371
11.5,1.5,6,91.04492196,0.9908680505
11.5,2.5,3,89.51042054,0.2653986541
11.5,3.5,8,90.70105433,0.8317057577
11.5,4.5,2,96.04960514,0.9059715861
11.5,5.5,4,94.83576831,1.453174
11.5,6.5,4,87.98021881,1.433445809
11.5,7.5,2,92.3434666,0.5923560756
11.5,8.5,3,92.09349227,0.4830609061
11.5,9.5,3,86.83043985,1.565954374
11.5,10.5,4,90.32996534,0.7154593979
11.5,11.5,8,84.77900447,1.570971546
11.5,12.5,9,84.5129994,1.143570208
11.5,13.5,4,80.88746993,1.412967809
11.5,14.5,8,84.77901628,1.38924069
11.5,15.5,8,81.27234455,1.82460546
11.5,16.5,5,81.62163174,1.371682361
11.5,17.5,9,81.22520596,1.255714313
11.5,18.5,5,80.53676325,1.151455206
11.5,19.5,8,81.91607706,0.7122315748
12.5,-19.5,4,85.90979318,2.126145265
12.5,-18.5,3,82.08954356,2.953145505
12.5,-17.5,6,80.04651023,1.077509353
12.5,-16.5,7,81.60593094,1.537150755
12.5,-15.5,9,78.60792255,0.675634434
12.5,-14.5,6,79.64139722,1.884425502
12.5,-13.5,8,83.43704023,1.519113778
12.5,-12.5,10,82.54077753,1.212467209
12.5,-11.5,5,85.68115422,0.9737607765
12.5,-10.5,8,82.87508617,1.19408186
12.5,-9.5,5,85.9834467,0.6060180128
12.5,-8.5,8,89.60331091,1.617699471
12.5,-7.5,7,85.92756516,1.28765375
12.5,-6.5,2,86.08925013,0.01592702517
12.5,-5.5,9,87.34660232,1.114143206
12.5,-4.5,8,90.91653943,1.157090872
12.5,-3.5,3,89.60928811,1.058129571
12.5,-2.5,5,88.62611989,0.5347339869
12.5,-1.5,5,90.07689402,0.8964819432
12.5,-0.5,4,90.46724507,2.513375749
12.5,0.5,8,90.04326416,1.164895799
12.5,1.5,7,92.40593405,1.084263083
12.5,2.5,6,90.23775335,1.420172867
12.5,3.5,6,89.08413144,2.69172114
12.5,4.5,7,85.62960228,1.046534145
12.5,5.5,5,89.36143685,1.028135122
12.5,6.5,8,87.09939697,1.459340931
12.5,7.5,7,87.12000584,1.500876829
12.5,8.5,8,87.1272491,1.640870692
12.5,9.5,11,85.07572882,1.321669137
12.5,10.5,5,86.19642418,1.363614755
12.5,11.5,11,82.83777868,1.445311818
12.5,12.5,2,86.60593779,1.077557723
12.5,13.5,4,84.23744887,3.036747646
12.5,14.5,5,83.64330408,1.873731011
12.5,15.5,7,83.86829042,1.939813691
12.5,16.5,6,81.08680949,1.558218255
12.5,17.5,10,81.31510889,1.36399948
12.5,18.5,10,82.01448569,1.15483193
12.5,19.5,7,81.02247811,1.077709512
13.5,-19.5,6,78.17226216,1.284226003
13.5,-18.5,2,80.59771312,0.3166615776
13.5,-17.5,7,80.40067211,1.781992768
13.5,-16.5,5,82.08638003,1.977948313
13.5,-15.5,11,83.09452875,0.8004097445
13.5,-14.5,6,82.27866233,1.324138265
13.5,-13.5,5,84.27383889,1.158288295
13.5,-12.5,10,81.80228485,1.098709996
13.5,-11.5,5,84.56572782,1.886244429
13.5,-10.5,7,81.70652072,1.241645232
13.5,-9.5,8,84.76815176,1.120820752
13.5,-8.5,6,86.17946945,1.908527276
13.5,-7.5,5,85.60840156,1.068020726
13.5,-6.5,5,89.69721558,1.598464562
13.5,-5.5,5,87.04976341,1.911565099
13.5,-4.5,10,86.4318489,1.210677329
13.5,-3.5,1,86.69891229,0
13.5,-2.5,9,86.81822908,1.242241613
13.5,-1.5,3,91.36835816,1.032598389
13.5,-0.5,7,86.43701934,0.78695604
13.5,0.5,11,90.28624165,1.162761687
13.5,1.5,6,87.84053675,1.739901777
13.5,2.5,5,88.27862625,0.7849406618
13.5,3.5,3,86.07695971,2.505611274
13.5,4.5,10,89.01059933,1.716741846
13.5,5.5,5,89.06704843,1.484501104
13.5,6.5,5,86.85498862,2.150928943
13.5,7.5,7,88.99728944,1.491297256
13.5,8.5,6,87.67812222,1.563789551
13.5,9.5,7,82.32407672,0.9179480372
13.5,10.5,8,85.87230362,0.8774041742
13.5,11.5,6,82.00034653,2.135037961
13.5,12.5,8,83.32226286,1.302878746
13.5,13.5,6,84.43262935,1.751818063
13.5,14.5,5,82.82379436,1.421964189
13.5,15.5,5,80.01336293,1.377271304
13.5,16.5,6,82.04931059,1.531673127
13.5,17.5,6,80.8328712,1.202781065
13.5,18.5,11,80.2416048,0.9348514601
13.5,19.5,3,75.32963756,2.560508969
14.5,-19.5,4,81.84951188,0.9448060147
14.5,-18.5,12,79.77856471,1.04521969
14.5,-17.5,6,82.47400014,1.408076858
14.5,-16.5,6,80.32211864,0.9778361861
14.5,-15.5,11,82.46578918,1.563464504
14.5,-14.5,5,79.28924316,1.771626265
14.5,-13.5,7,82.29023229,1.523780244
14.5,-12.5,5,85.23079897,1.510970936
14.5,-11.5,5,85.45182691,1.503222263
14.5,-10.5,7,84.13640383,0.7680070911
14.5,-9.5,5,82.63930867,1.69340206
14.5,-8.5,6,84.75899352,0.9980755886
14.5,-7.5,7,85.91814554,1.820330898
14.5,-6.5,4,85.19476927,2.216584849
14.5,-5.5,8,88.3737741,1.293588365
14.5,-4.5,15,89.7877671,0.9601248743
14.5,-3.5,3,87.61786864,1.035258606
14.5,-2.5,5,88.59953918,2.387741844
14.5,-1.5,5,88.92325053,1.77447951
14.5,-0.5,8,88.75926396,1.467887135
14.5,0.5,2,87.12144779,1.177257877
14.5,1.5,7,91.20372589,1.328999229
14.5,2.5,3,85.44004967,3.368092757
14.5,3.5,3,90.4788973,0.2612775809
14.5,4.5,6,87.3050467,1.696923621
14.5,5.5,6,86.24406555,1.924252714
14.5,6.5,8,83.97587584,1.688170323
14.5,7.5,5,85.28006816,1.676919257
14.5,8.5,9,86.93429939,1.954145879
14.5,9.5,4,87.33514602,1.29327972
14.5,10.5,7,82.95872967,1.287981905
14.5,11.5,8,85.43154861,1.410852309
14.5,12.5,6,84.72093308,0.7157442476
14.5,13.5,3,88.32346536,2.485258376
14.5,14.5,10,80.90993913,1.304339548
14.5,15.5,2,76.19788238,4.046319884
14.5,16.5,5,80.07861091,0.596477095
14.5,17.5,14,80.60405639,1.234647653
14.5,18.5,4,79.16166737,0.4343390044
14.5,19.5,8,80.02338297,1.112267607
15.5,-19.5,4,79.6216079,1.456739489
15.5,-18.5,8,77.78403915,1.526134501
15.5,-17.5,4,78.63489901,1.507950633
15.5,-16.5,6,80.15093234,1.494724624
15.5,-15.5,7,81.84044449,1.639250474
15.5,-14.5,5,79.04147845,1.007850275
15.5,-13.5,7,83.53153126,1.753331077
15.5,-12.5,3,84.64054159,1.16092354
15.5,-11.5,6,85.12149254,1.711852936
15.5,-10.5,10,81.81528988,1.495548633
15.5,-9.5,1,85.23944455,0
15.5,-8.5,4,88.60748254,1.142171852
15.5,-7.5,5,85.39286727,1.329330689
15.5,-6.5,8,86.97367711,1.311341796
15.5,-5.5,5,87.37618443,0.9721818498
15.5,-4.5,6,85.40110344,1.749185923
15.5,-3.5,7,86.64219287,0.4567010164
15.5,-2.5,5,84.2390089,1.042253828
15.5,-1.5,8,84.79431688,1.229196654
15.5,-0.5,8,86.94939401,1.64806061
15.5,0.5,6,83.56131116,1.573765235
15.5,1.5,6,88.15255048,1.137861731
15.5,2.5,5,88.23736471,1.783651589
15.5,3.5,6,88.72885343,0.4980735096
15.5,4.5,6,84.57460007,0.8797691737
15.5,5.5,2,81.86877611,2.210419556
15.5,6.5,3,85.57389264,2.346756704
15.5,7.5,7,82.83033617,0.9130520869
15.5,8.5,5,86.34976769,1.889587283
15.5,9.5,7,85.30915613,1.537013486
15.5,10.5,8,83.58764151,0.7656444566
15.5,11.5,7,82.75448768,1.686218279
15.5,12.5,3,84.28872121,1.570860502
15.5,13.5,6,81.18885359,1.320538677
15.5,14.5,7,80.00498719,0.8999690424
15.5,15.5,3,80.06474693,1.698418032
15.5,16.5,3,82.10460227,1.11306893
15.5,17.5,6,79.28066303,0.7868736959
15.5,18.5,6,81.29217851,1.49702779
15.5,19.5,8,80.4968696,1.601601565
16.5,-19.5,5,79.47072161,2.898350538
16.5,-18.5,8,79.20805986,1.762791744
16.5,-17.5,7,79.81913081,1.387679134
16.5,-16.5,5,82.22293159,1.34206653
16.5,-15.5,5,79.51428374,1.116798385
16.5,-14.5,10,79.69422528,0.9976125179
16.5,-13.5,11,80.020111,1.173668361
16.5,-12.5,9,79.98556746,1.558508697
16.5,-11.5,4,80.94219082,1.690747147
16.5,-10.5,4,82.57719442,2.116683407
16.5,-9.5,3,84.40681697,2.054407083
16.5,-8.5,5,86.29065362,1.86308797
16.5,-7.5,2,84.16376343,4.443717518
16.5,-6.5,5,84.27722393,1.250594064
16.5,-5.5,10,82.87004914,1.205851687
16.5,-4.5,8,87.48410455,1.41884103
16.5,-3.5,5,80.02358119,1.920082187
16.5,-2.5,9,84.72336993,1.28866408
16.5,-1.5,11,84.6796332,1.701782993
16.5,-0.5,8,87.5918496,1.300259985
16.5,0.5,8,87.10095002,2.151939835
16.5,1.5,10,84.38211091,1.132581041
16.5,2.5,9,86.09603646,1.367567477
16.5,3.5,4,88.47624966,1.922630174
16.5,4.5,8,85.57219578,1.102624835
16.5,5.5,4,84.96001318,0.7012780548
16.5,6.5,6,82.88883156,0.6990367307
16.5,7.5,4,84.90745623,0.7323043662
16.5,8.5,8,81.57713505,1.728673046
16.5,9.5,13,82.4896466,1.717474779
16.5,10.5,7,79.14913263,0.8935359659
16.5,11.5,4,80.15821867,2.197806376
16.5,12.5,5,80.39179761,1.631179957
16.5,13.5,5,79.73923066,1.218604608
16.5,14.5,11,81.09689359,1.052005042
16.5,15.5,8,80.65381081,1.029936707
16.5,16.5,6,78.70300747,1.269671866
16.5,17.5,4,82.58451209,1.012284502
16.5,18.5,6,76.50267363,1.333219174
16.5,19.5,4,77.97314744,0.1837799789
17.5,-19.5,5,79.51868297,1.711987143
17.5,-18.5,5,79.44525475,1.799742934
17.5,-17.5,7,78.78628785,1.185476787
17.5,-16.5,7,80.06119168,1.270838825
17.5,-15.5,4,79.7120726,1.168161941
17.5,-14.5,4,81.76862427,1.477678327
17.5,-13.5,7,80.74048793,1.254065606
17.5,-12.5,9,82.76537335,0.9032624452
17.5,-11.5,3,77.69418934,2.651483566
17.5,-10.5,9,85.69995025,1.040784555
17.5,-9.5,2,81.99065039,1.501689075
17.5,-8.5,12,83.48615704,0.8342462662
17.5,-7.5,5,86.3461224,1.722227734
17.5,-6.5,3,80.91720564,0.3130872269
17.5,-5.5,5,84.14707668,1.947415708
17.5,-4.5,8,84.8532263,0.9003586553
17.5,-3.5,5,83.71572812,1.165474364
17.5,-2.5,4,83.84589482,1.758252015
17.5,-1.5,3,85.212368,1.936691475
17.5,-0.5,4,88.18150317,1.060130504
17.5,0.5,5,85.70299645,1.35998392
17.5,1.5,11,85.36225418,1.179356429
17.5,2.5,6,87.51279223,2.355336055
17.5,3.5,4,85.13998392,2.643995529
17.5,4.5,5,82.87128637,0.6195900852
17.5,5.5,12,86.20360413,0.8669189032
17.5,6.5,4,84.14169392,1.438275807
17.5,7.5,6,84.05712393,2.335352222
17.5,8.5,4,83.02426299,1.024701391
17.5,9.5,4,83.07686619,1.536513323
17.5,10.5,7,82.22209626,1.105925624
17.5,11.5,5,82.36965468,1.244653215
17.5,12.5,9,80.26758492,1.446592645
17.5,13.5,7,83.16433874,0.7789938649
17.5,14.5,3,80.26490994,3.011654978
17.5,15.5,6,80.12215904,2.271856056
17.5,16.5,8,80.28385937,1.123814515
17.5,17.5,7,79.69905983,1.850582028
17.5,18.5,4,74.3312715,2.291142312
17.5,19.5,5,79.61263716,1.04440671
18.5,-19.5,10,77.51665229,0.8782778051
18.5,-18.5,6,80.27669203,2.048875469
18.5,-17.5,5,77.40955773,1.46737586
18.5,-16.5,6,76.02689283,1.640916044
18.5,-15.5,5,79.92860074,2.067298826
18.5,-14.5,3,83.01030661,1.157514515
18.5,-13.5,5,80.3404222,1.811642248
18.5,-12.5,7,79.72457151,0.8817114616
18.5,-11.5,11,82.0730726,0.7830728984
18.5,-10.5,4,80.77956938,1.72060154
18.5,-9.5,4,84.55905271,0.400453236
18.5,-8.5,5,84.51331393,1.512937027
18.5,-7.5,8,81.09000767,1.924653159
18.5,-6.5,7,83.78706324,1.915932343
18.5,-5.5,9,81.97945995,1.238507615
18.5,-4.5,9,84.24845421,1.140226037
18.5,-3.5,3,84.0502889,3.756270552
18.5,-2.5,7,85.1899784,1.31644648
18.5,-1.5,9,85.33875726,1.395886414
18.5,-0.5,5,86.34457934,1.9857773
18.5,0.5,9,85.40421562,1.162361294
18.5,1.5,6,83.92486512,1.400208205
18.5,2.5,6,85.72838555,1.569275415
18.5,3.5,3,89.36337531,1.306854936
18.5,4.5,7,85.25744446,0.9491823769
18.5,5.5,3,82.82914422,2.727298568
18.5,6.5,6,82.7665407,1.711730025
18.5,7.5,9,83.78314006,1.524222467
18.5,8.5,4,85.26541435,1.153207708
18.5,9.5,3,82.61300273,0.8033591955
18.5,10.5,2,80.7274318,0.5489206229
18.5,11.5,10,79.32656677,0.9737998259
18.5,12.5,6,76.44898358,1.814633126
18.5,13.5,8,79.2718213,2.048805987
18.5,14.5,10,79.4256101,1.409247567
18.5,15.5,8,78.56951107,2.085593853
18.5,16.5,4,78.75320818,1.037814317
18.5,17.5,6,77.44062486,2.134327669
18.5,18.5,9,77.72719905,1.638413773
18.5,19.5,10,79.59525783,1.148037192
19.5,-19.5,6,73.49751927,1.42677818
19.5,-18.5,5,79.37913947,1.925179659
19.5,-17.5,5,76.05707881,1.499584745
19.5,-16.5,4,80.39597588,0.7589780397
19.5,-15.5,2,82.60830385,0.4569205333
19.5,-14.5,2,76.65841394,2.704885789
19.5,-13.5,9,81.22069204,1.869373498
19.5,-12.5,6,81.69925965,0.8325820966
19.5,-11.5,9,80.81077762,1.262735682
19.5,-10.5,6,82.60001796,1.218366823
19.5,-9.5,11,82.1410381,1.281911453
19.5,-8.5,2,81.52646007,2.815847466
19.5,-7.5,4,84.71468414,1.189893248
19.5,-6.5,4,82.04491191,2.932816876
19.5,-5.5,4,83.54910721,2.038229026
19.5,-4.5,3,85.48719991,2.679234115
19.5,-3.5,3,86.46415642,1.130823855
19.5,-2.5,3,87.49143391,0.9670848911
19.5,-1.5,10,84.48291691,1.468629435
19.5,-0.5,7,88.20923889,1.010252406
19.5,0.5,5,87.54646781,1.259207397
19.5,1.5,11,82.39690766,1.461450097
19.5,2.5,10,84.06042468,1.509274512
19.5,3.5,13,84.60738272,0.8056282229
19.5,4.5,6,84.14441996,1.324283192
19.5,5.5,2,83.85806937,3.185799299
19.5,6.5,11,84.21421857,2.052478331
19.5,7.5,4,80.67689264,2.014343074
19.5,8.5,5,82.31633351,1.403425136
19.5,9.5,7,80.68817367,1.988316023
19.5,10.5,3,84.05094107,2.624476216
19.5,11.5,4,81.49180073,1.885822666
19.5,12.5,5,84.18059494,0.7188374652
19.5,13.5,6,78.7078851,1.774109029
19.5,14.5,2,78.06886874,2.068590862
19.5,15.5,5,80.77821707,1.831188229
19.5,16.5,6,80.73773204,1.070477395
19.5,17.5,5,79.62473635,1.527445178
19.5,18.5,9,78.17958229,1.333580061
19.5,19.5,6,80.28779569,1.865046578
