x_center_mm,y_center_mm,entries,mean_adc_per_mev,standard_error
-19.5,-19.5,5,66.2962239,0.7873055689
-19.5,-18.5,4,64.85683656,1.864175502
-19.5,-17.5,4,67.08674931,0.6127893508
-19.5,-16.5,6,70.82559529,0.851023972
-19.5,-15.5,6,70.23599855,1.650540906
-19.5,-14.5,8,73.0743856,1.040597995
-19.5,-13.5,10,70.33943143,1.42515092
-19.5,-12.5,8,70.12875142,0.9773173852
-19.5,-11.5,11,70.31945704,0.8763362463
-19.5,-10.5,11,71.66057409,0.7327690696
-19.5,-9.5,3,68.0584016,1.367210437
-19.5,-8.5,7,71.33939059,1.427609873
-19.5,-7.5,9,71.2184324,1.390267085
-19.5,-6.5,5,69.06383843,1.576542996
-19.5,-5.5,10,71.30688959,1.097788671
-19.5,-4.5,11,71.40737726,1.107183758
-19.5,-3.5,6,72.48793854,1.463602291
-19.5,-2.5,4,73.01089384,1.529026747
-19.5,-1.5,5,74.4093396,1.799569046
-19.5,-0.5,5,70.93057111,2.089724195
-19.5,0.5,11,71.77908472,0.9226716919
-19.5,1.5,3,72.64925945,2.118673778
-19.5,2.5,5,74.46695624,1.066163979
-19.5,3.5,7,74.34162912,1.431355703
-19.5,4.5,7,72.53151505,0.8973587691
-19.5,5.5,7,74.01762419,0.5186631434
-19.5,6.5,7,70.71023279,1.09683086
-19.5,7.5,2,70.83641345,2.212198996
-19.5,8.5,6,71.44132211,0.6599120708
-19.5,9.5,6,71.97003146,1.056448781
-19.5,10.5,8,72.75580798,0.6720871396
-19.5,11.5,10,71.33777976,1.596044568
-19.5,12.5,5,71.94752167,1.43689111
-19.5,13.5,6,67.84641899,0.589392496
-19.5,14.5,11,70.17965474,0.9723105706
-19.5,15.5,6,71.38871498,1.030843909
-19.5,16.5,5,69.95417032,1.765710881
-19.5,17.5,4,68.9458425,0.9272081175
-19.5,18.5,5,69.77331803,1.909549973
-19.5,19.5,5,66.70353977,2.018525766
-18.5,-19.5,6,72.31389469,1.162624424
-18.5,-18.5,6,69.13294874,1.891144913
-18.5,-17.5,4,70.41625589,0.8066084713
-18.5,-16.5,6,70.97800648,1.073434146
-18.5,-15.5,12,69.72603694,0.8643715959
-18.5,-14.5,7,72.18860691,1.664347644
-18.5,-13.5,4,70.14252965,0.8536155282
-18.5,-12.5,5,69.18884536,0.7717869143
-18.5,-11.5,4,74.49766588,0.8313600997
-18.5,-10.5,10,72.79989893,1.112312839
-18.5,-9.5,6,70.86729333,1.433304125
-18.5,-8.5,3,72.3162297,3.009271047
-18.5,-7.5,8,73.45424291,1.311009843
-18.5,-6.5,2,76.00895605,2.055228252
-18.5,-5.5,6,73.11280079,1.894184087
-18.5,-4.5,3,76.19711098,1.165498042
-18.5,-3.5,7,71.12693533,1.927681921
-18.5,-2.5,10,75.65461352,1.441414006
-18.5,-1.5,8,72.17682578,1.163128266
-18.5,-0.5,5,74.51802693,1.879433141
-18.5,0.5,5,72.31852466,1.4310684
-18.5,1.5,10,73.58914112,0.9472403233
-18.5,2.5,3,73.55960302,0.8414370782
-18.5,3.5,3,72.98848881,1.253087306
-18.5,4.5,10,73.15863673,1.229552726
-18.5,5.5,7,73.31945287,1.20956794
-18.5,6.5,5,74.40146077,1.485306919
-18.5,7.5,6,71.05277371,1.043627076
-18.5,8.5,6,71.03284525,1.604631744
-18.5,9.5,2,71.37172365,2.333090081
-18.5,10.5,4,71.63789548,1.853763146
-18.5,11.5,8,72.40021618,1.358739067
-18.5,12.5,7,71.1065055,1.39146103
-18.5,13.5,6,70.21622798,1.396013329
-18.5,14.5,8,67.73772653,1.256980259
-18.5,15.5,8,68.92863771,1.60125733
-18.5,16.5,6,69.82735408,1.788288441
-18.5,17.5,6,70.66383723,1.827952183
-18.5,18.5,8,67.84694802,0.9339970406
-18.5,19.5,2,70.83301691,2.74396797
-17.5,-19.5,4,73.64879681,1.15859848
-17.5,-18.5,10,72.62245781,1.144630206
-17.5,-17.5,9,68.82452029,1.232742266
-17.5,-16.5,8,69.9768237,1.509518914
-17.5,-15.5,6,69.00046564,1.268427552
-17.5,-14.5,7,71.2228514,1.807404732
-17.5,-13.5,4,71.70307555,1.905770997
-17.5,-12.5,12,69.5123425,1.255117262
-17.5,-11.5,10,72.68278739,1.831366471
-17.5,-10.5,6,71.91345599,0.7475254171
-17.5,-9.5,11,72.02617912,1.03095921
-17.5,-8.5,6,72.05778676,1.444168001
-17.5,-7.5,8,72.44324451,1.223579154
-17.5,-6.5,3,75.5615818,1.345200123
-17.5,-5.5,10,74.27074923,1.643313847
-17.5,-4.5,8,73.63743445,1.705918129
-17.5,-3.5,6,72.66843991,1.887394664
-17.5,-2.5,7,72.04863613,0.7896677638
-17.5,-1.5,5,69.80402302,1.505395575
-17.5,-0.5,4,71.68384245,2.456068776
-17.5,0.5,3,68.40968027,1.236045596
-17.5,1.5,3,73.20101994,3.626824556
-17.5,2.5,3,72.4061094,4.301609894
-17.5,3.5,8,73.43884736,1.690938359
-17.5,4.5,4,69.97769952,0.8382387963
-17.5,5.5,9,72.90304892,1.195805502
-17.5,6.5,7,70.89327082,1.368917237
-17.5,7.5,9,72.46983049,1.43639135
-17.5,8.5,6,72.1868964,2.21388803
-17.5,9.5,8,72.73913154,1.35058695
-17.5,10.5,4,67.08761003,1.75770381
-17.5,11.5,13,71.34177977,0.5268427324
-17.5,12.5,3,69.13203254,2.834526627
-17.5,13.5,3,67.2964237,0.5694560721
-17.5,14.5,7,69.73815515,2.097852476
-17.5,15.5,10,68.64493562,1.856262492
-17.5,16.5,5,68.95138589,2.106477435
-17.5,17.5,6,71.15117153,1.289830163
-17.5,18.5,6,71.76617753,1.124406206
-17.5,19.5,3,67.89658968,1.444143739
-16.5,-19.5,5,69.16496701,1.678966272
-16.5,-18.5,8,69.03991369,0.9842453457
-16.5,-17.5,5,69.08898142,1.996400222
-16.5,-16.5,12,70.77084936,0.9545347929
-16.5,-15.5,5,70.79716748,1.821378933
-16.5,-14.5,4,70.49723083,2.313796857
-16.5,-13.5,8,70.98741175,1.163097924
-16.5,-12.5,8,72.5289101,1.40145001
-16.5,-11.5,6,71.09435408,1.352014794
-16.5,-10.5,5,72.71341083,1.580247133
-16.5,-9.5,4,71.25782416,1.171962446
-16.5,-8.5,9,74.54865996,1.177585641
-16.5,-7.5,8,73.91464756,0.945000546
-16.5,-6.5,5,71.90836891,1.433127876
-16.5,-5.5,5,74.13928538,1.457194169
-16.5,-4.5,5,72.5523167,1.287052151
-16.5,-3.5,9,73.82983649,0.7603170204
-16.5,-2.5,8,74.68069569,1.390083339
-16.5,-1.5,10,74.07858699,1.240022541
-16.5,-0.5,4,72.62032136,1.996148251
-16.5,0.5,4,72.98856294,1.076015409
-16.5,1.5,6,73.18314199,1.623039994
-16.5,2.5,8,74.07660789,1.075509313
-16.5,3.5,10,71.65258047,1.507752965
-16.5,4.5,7,74.17491323,1.160304103
-16.5,5.5,4,73.84739276,1.07163658
-16.5,6.5,4,71.1144152,1.873505145
-16.5,7.5,13,74.00766448,1.014242316
-16.5,8.5,6,71.65377426,1.189203743
-16.5,9.5,7,73.29595279,1.286635639
-16.5,10.5,5,70.75894245,0.9304839287
-16.5,11.5,9,70.33566745,0.9528533933
-16.5,12.5,12,70.08354637,0.6185906952
-16.5,13.5,8,70.48207986,1.976539678
-16.5,14.5,5,69.73111597,1.792295318
-16.5,15.5,7,67.31171948,1.384577111
-16.5,16.5,7,66.62786706,0.9085490854
-16.5,17.5,4,68.65696036,1.433894049
-16.5,18.5,4,67.78711449,1.637888849
-16.5,19.5,4,71.2108606,1.178629498
-15.5,-19.5,5,68.56779606,1.641031062
-15.5,-18.5,8,68.50071562,1.110156518
-15.5,-17.5,9,72.05628169,1.096601194
-15.5,-16.5,2,69.54146666,3.023514122
-15.5,-15.5,3,65.11634208,2.568549165
-15.5,-14.5,9,70.2779285,1.361288581
-15.5,-13.5,6,68.20745287,1.41954984
-15.5,-12.5,8,68.53041221,1.276328779
-15.5,-11.5,4,71.97111292,1.207674651
-15.5,-10.5,6,71.18720784,1.307540909
-15.5,-9.5,8,71.43623586,0.9471962927
-15.5,-8.5,6,72.18477641,0.9628066108
-15.5,-7.5,5,73.4972375,1.393293998
-15.5,-6.5,4,73.89996763,1.927559824
-15.5,-5.5,8,72.35635472,0.9890537236
-15.5,-4.5,10,73.81049136,1.366023413
-15.5,-3.5,8,75.81670637,1.189061841
-15.5,-2.5,7,76.94163792,0.7850285967
-15.5,-1.5,12,73.49104882,1.031277307
-15.5,-0.5,8,74.51208798,1.837985861
-15.5,0.5,9,73.63186789,1.21263745
-15.5,1.5,4,77.12321689,2.57255034
-15.5,2.5,3,72.74549904,2.419466315
-15.5,3.5,6,72.30679155,1.826562731
-15.5,4.5,6,75.01551505,0.8358744268
-15.5,5.5,2,74.15571638,0.1129853773
-15.5,6.5,6,70.94557265,0.7624738158
-15.5,7.5,8,71.67554835,0.8801530082
-15.5,8.5,7,72.87581404,0.9647754706
-15.5,9.5,6,72.50258588,1.64076652
-15.5,10.5,8,73.49529457,1.427914841
-15.5,11.5,6,72.44302242,1.474550195
-15.5,12.5,9,70.3752224,0.734500579
-15.5,13.5,14,69.65792841,1.023861088
-15.5,14.5,7,73.69105829,1.192636993
-15.5,15.5,7,70.89380474,0.5293934225
-15.5,16.5,9,67.13493459,1.332158007
-15.5,17.5,8,72.11463293,1.001933625
-15.5,18.5,4,74.51370879,2.80838834
-15.5,19.5,10,69.01345514,0.7085251059
-14.5,-19.5,6,70.56150371,1.475457074
-14.5,-18.5,11,67.88031939,1.033971825
-14.5,-17.5,5,67.57042087,1.092223903
-14.5,-16.5,9,71.48038494,1.019912561
-14.5,-15.5,7,70.83059033,1.739390006
-14.5,-14.5,6,70.67265627,1.158897286
-14.5,-13.5,3,69.60530872,1.94432457
-14.5,-12.5,10,71.99776504,1.348233183
-14.5,-11.5,4,71.93026828,0.7937263418
-14.5,-10.5,9,74.93015372,0.6705304394
-14.5,-9.5,2,74.65744088,0.8107005709
-14.5,-8.5,7,76.09641376,1.728466517
-14.5,-7.5,4,74.22536368,2.603882593
-14.5,-6.5,6,72.35737557,1.026849426
-14.5,-5.5,8,75.06173447,1.027379075
-14.5,-4.5,5,76.44985351,1.275006433
-14.5,-3.5,4,78.13914171,1.895177579
-14.5,-2.5,8,73.41415099,1.196003667
-14.5,-1.5,10,76.54343245,1.163991312
-14.5,-0.5,8,72.03724613,0.8122676353
-14.5,0.5,4,72.11313798,2.948424947
-14.5,1.5,8,73.30049033,1.280800105
-14.5,2.5,8,74.60079567,0.9159854203
-14.5,3.5,4,69.84005891,0.9063323657
-14.5,4.5,9,72.37565508,0.8441336927
-14.5,5.5,3,73.34272081,3.508358678
-14.5,6.5,3,79.19717018,0.252579902
-14.5,7.5,7,74.59958242,1.909909612
-14.5,8.5,5,70.89027414,0.7560045683
-14.5,9.5,6,74.11889293,1.758839356
-14.5,10.5,12,70.66769346,0.7690724183
-14.5,11.5,11,70.59227652,0.9822267408
-14.5,12.5,5,72.25260592,1.934716631
-14.5,13.5,7,73.91437311,0.9964299294
-14.5,14.5,9,70.76235591,1.455415271
-14.5,15.5,9,70.71597703,1.106804004
-14.5,16.5,7,70.8903772,1.67343261
-14.5,17.5,3,69.46571693,0.75050737
-14.5,18.5,5,69.44205174,1.304773239
-14.5,19.5,4,66.29148736,2.662645262
-13.5,-19.5,9,72.7189458,1.220603019
-13.5,-18.5,8,70.06079257,1.293646632
-13.5,-17.5,7,73.18578805,1.39291752
-13.5,-16.5,7,74.01413968,1.321532456
-13.5,-15.5,3,68.11520324,0.4955755151
-13.5,-14.5,8,70.44152046,1.797970446
-13.5,-13.5,6,74.08719131,2.077046727
-13.5,-12.5,5,73.31892081,2.33908518
-13.5,-11.5,6,73.97555798,1.420920624
-13.5,-10.5,5,73.75504434,1.828417259
-13.5,-9.5,8,71.24154916,0.9800304733
-13.5,-8.5,5,73.30943055,1.223560119
-13.5,-7.5,7,73.583778,1.662965838
-13.5,-6.5,6,72.88216672,1.770611391
-13.5,-5.5,3,76.02507748,1.362742279
-13.5,-4.5,10,72.90610772,1.357756622
-13.5,-3.5,4,78.15391562,1.926408046
-13.5,-2.5,7,76.72426401,1.546469833
-13.5,-1.5,11,76.86453659,1.370414654
-13.5,-0.5,5,76.78764659,1.876382091
-13.5,0.5,9,75.85119624,1.457330735
-13.5,1.5,3,75.68367706,0.9891926576
-13.5,2.5,7,76.04659648,1.152764955
-13.5,3.5,2,81.05075424,0.5188152738
-13.5,4.5,6,77.04304524,1.896805373
-13.5,5.5,10,74.5700402,1.09164041
-13.5,6.5,4,72.87335811,3.386295089
-13.5,7.5,6,74.61869975,1.102568922
-13.5,8.5,10,74.05967962,1.101164318
-13.5,9.5,6,72.0877725,1.041903551
-13.5,10.5,13,73.05123181,0.6265840437
-13.5,11.5,1,63.69786445,0
-13.5,12.5,4,75.22266139,0.8726500115
-13.5,13.5,5,71.19923311,1.149065225
-13.5,14.5,3,69.84310816,1.568738058
-13.5,15.5,7,71.79223955,1.27732586
-13.5,16.5,2,73.59015583,2.796276375
-13.5,17.5,4,72.15070487,2.252942055
-13.5,18.5,4,68.38193363,2.082174013
-13.5,19.5,6,71.85571166,2.231710749
-12.5,-19.5,9,68.99181173,1.117697034
-12.5,-18.5,10,70.25792358,0.9592156511
-12.5,-17.5,5,69.12881444,1.589318947
-12.5,-16.5,9,73.90178679,1.244154694
-12.5,-15.5,5,69.91478823,1.314563526
-12.5,-14.5,9,70.72260505,1.819860962
-12.5,-13.5,7,71.08165557,1.593845107
-12.5,-12.5,6,70.94785136,0.8983951318
-12.5,-11.5,3,69.93602046,1.167465566
-12.5,-10.5,7,73.10920307,1.946243242
-12.5,-9.5,5,74.23702248,1.299781889
-12.5,-8.5,5,77.65289637,0.9911627874
-12.5,-7.5,10,75.24761816,0.9984936633
-12.5,-6.5,4,72.94445656,0.9568115163
-12.5,-5.5,8,76.44908558,0.6847888389
-12.5,-4.5,3,79.34520079,1.329518711
-12.5,-3.5,3,77.48877758,1.069829593
-12.5,-2.5,6,76.13522423,1.502846178
-12.5,-1.5,4,76.31021997,0.7786800668
-12.5,-0.5,5,75.0917257,0.7805370882
-12.5,0.5,9,77.11672428,1.240757601
-12.5,1.5,3,74.10439484,1.290375088
-12.5,2.5,10,76.36400527,1.67841602
-12.5,3.5,3,74.95736143,1.14745241
-12.5,4.5,10,76.54214949,1.298567578
-12.5,5.5,6,78.85391057,1.70500093
-12.5,6.5,6,74.86658746,1.505936883
-12.5,7.5,2,71.91957399,1.349061599
-12.5,8.5,6,73.06403477,0.3375016039
-12.5,9.5,4,73.9989145,1.240755394
-12.5,10.5,5,72.88192384,1.400817008
-12.5,11.5,8,71.8215071,1.511105707
-12.5,12.5,6,72.88730321,1.374957264
-12.5,13.5,7,71.81282194,1.263496982
-12.5,14.5,4,67.89306332,1.484477987
-12.5,15.5,6,67.91874208,1.652620718
-12.5,16.5,9,71.35494495,1.05617793
-12.5,17.5,6,72.96585294,1.092307135
-12.5,18.5,2,70.59415062,1.360329324
-12.5,19.5,12,71.8626465,1.01556794
-11.5,-19.5,12,71.43020205,0.9237865314
-11.5,-18.5,5,69.91776846,1.248539146
-11.5,-17.5,6,71.15095317,1.910321897
-11.5,-16.5,5,70.38021332,1.63362181
-11.5,-15.5,5,72.4585783,1.444266068
-11.5,-14.5,7,75.1675669,1.087014042
-11.5,-13.5,8,71.79369004,1.684348258
-11.5,-12.5,9,71.31860416,1.043342677
-11.5,-11.5,6,74.28291933,2.53094659
-11.5,-10.5,6,73.44913248,0.8923134575
-11.5,-9.5,3,72.19450084,1.96108075
-11.5,-8.5,9,74.82164304,1.135360617
-11.5,-7.5,8,73.33621916,1.41704233
-11.5,-6.5,5,75.82687234,2.447307649
-11.5,-5.5,5,80.01474884,1.86313569
-11.5,-4.5,4,75.48915761,2.187839892
-11.5,-3.5,5,75.07306495,1.168563001
-11.5,-2.5,9,77.88077335,1.252156949
-11.5,-1.5,2,80.22367062,1.231330208
-11.5,-0.5,7,78.15833585,1.470200322
-11.5,0.5,7,76.32049639,1.771520312
-11.5,1.5,8,76.12717802,1.595991471
-11.5,2.5,5,77.73413577,2.411111678
-11.5,3.5,5,80.77749687,1.615884206
-11.5,4.5,5,76.56533732,1.076245248
-11.5,5.5,7,76.00112735,1.090740237
-11.5,6.5,5,77.30078432,0.8242334297
-11.5,7.5,8,74.20974655,1.033554447
-11.5,8.5,9,73.94113958,0.8913329049
-11.5,9.5,4,75.58082381,2.532751641
-11.5,10.5,10,73.22786046,1.165884561
-11.5,11.5,7,75.7091769,1.40618737
-11.5,12.5,8,73.87468188,0.7251835929
-11.5,13.5,7,72.16201906,1.14706749
-11.5,14.5,8,71.45937356,2.209766849
-11.5,15.5,5,72.37702896,1.616335841
-11.5,16.5,10,73.59861776,1.267805029
-11.5,17.5,5,69.93525841,1.2951322
-11.5,18.5,8,72.01638185,0.7576922748
-11.5,19.5,3,73.03088585,0.426332536
-10.5,-19.5,6,70.53341139,1.247697111
-10.5,-18.5,4,72.43606391,3.293562669
-10.5,-17.5,6,70.82535491,1.316241023
-10.5,-16.5,6,73.50180412,1.529605361
-10.5,-15.5,5,70.3019244,0.9237288202
-10.5,-14.5,9,71.84703611,1.500087931
-10.5,-13.5,4,72.78383671,1.911045218
-10.5,-12.5,11,73.36519723,1.130095426
-10.5,-11.5,7,74.55991637,1.310617955
-10.5,-10.5,2,77.26731765,1.615989443
-10.5,-9.5,6,72.80169972,1.690039153
-10.5,-8.5,6,76.15310457,1.333559453
-10.5,-7.5,8,75.63708689,1.752803747
-10.5,-6.5,2,80.86741355,4.39621751
-10.5,-5.5,6,78.85726595,1.960857676
-10.5,-4.5,7,76.33547658,0.977086615
-10.5,-3.5,7,79.04789966,0.744336491
-10.5,-2.5,4,79.35114447,1.816992136
-10.5,-1.5,9,77.34752522,1.079348095
-10.5,-0.5,9,78.55980099,1.054615314
-10.5,0.5,12,78.84301078,0.9249222753
-10.5,1.5,6,79.4735123,1.924876388
-10.5,2.5,4,77.81121635,1.519738468
-10.5,3.5,5,79.07296317,2.352491498
-10.5,4.5,8,78.85952936,1.101135537
-10.5,5.5,5,75.74644768,1.167264478
-10.5,6.5,11,76.95073212,0.7275273441
-10.5,7.5,5,75.87801979,1.353788565
-10.5,8.5,4,72.41379346,1.324611067
-10.5,9.5,4,74.41083594,2.244895573
-10.5,10.5,3,70.67162375,1.536160203
-10.5,11.5,5,79.70435356,1.553047123
-10.5,12.5,3,74.04449889,1.415250321
-10.5,13.5,7,69.82162907,1.244349577
-10.5,14.5,6,70.9822935,0.9530821661
-10.5,15.5,5,74.78702904,1.453403852
-10.5,16.5,5,72.618351,0.9283537062
-10.5,17.5,5,66.51784058,2.363348797
-10.5,18.5,7,73.84495397,0.9380832959
-10.5,19.5,5,70.67715375,2.466221819
-9.5,-19.5,7,67.55187755,1.459498583
-9.5,-18.5,4,70.44182373,0.9235163183
-9.5,-17.5,7,70.8418696,1.127019772
-9.5,-16.5,3,69.98519662,4.295918483
-9.5,-15.5,8,72.67667119,1.096763839
-9.5,-14.5,6,72.7638315,2.052700134
-9.5,-13.5,5,71.96297187,2.464142769
-9.5,-12.5,6,72.90344158,2.201835414
-9.5,-11.5,5,72.16821124,0.4555249825
-9.5,-10.5,2,75.06817845,1.656782708
-9.5,-9.5,6,76.41450054,1.382138953
-9.5,-8.5,2,74.69926616,0.968982675
-9.5,-7.5,5,77.88665619,0.7168695135
-9.5,-6.5,4,76.11890042,1.658819916
-9.5,-5.5,3,86.81073378,1.667807457
-9.5,-4.5,5,78.4375579,1.825604527
-9.5,-3.5,8,80.25128263,1.27094882
-9.5,-2.5,6,80.03271912,2.19948076
-9.5,-1.5,4,76.52946398,0.8768199432
-9.5,-0.5,9,78.48212188,1.100379697
-9.5,0.5,4,79.9312995,2.846540483
-9.5,1.5,5,79.69617251,1.315089598
-9.5,2.5,7,79.58465605,1.382265028
-9.5,3.5,6,75.11231793,1.425089747
-9.5,4.5,2,75.76979607,0.693108083
-9.5,5.5,6,76.15027157,1.079131195
-9.5,6.5,5,79.31719994,0.9114933571
-9.5,7.5,6,79.48716671,1.702063974
-9.5,8.5,4,81.0331672,1.048305637
-9.5,9.5,6,74.81424615,1.35053562
-9.5,10.5,4,76.58818784,2.02598313
-9.5,11.5,4,72.61406938,2.306412216
-9.5,12.5,6,74.18862126,0.9178509057
-9.5,13.5,3,69.50435397,2.646260308
-9.5,14.5,4,72.2309449,2.73000178
-9.5,15.5,5,73.30670529,1.490318746
-9.5,16.5,7,69.87494837,1.570627631
-9.5,17.5,7,71.24338485,1.317833288
-9.5,18.5,2,70.76418792,0.09073331133
-9.5,19.5,5,73.61302876,1.503260401
-8.5,-19.5,8,72.54756765,1.303461778
-8.5,-18.5,10,71.61302026,0.6129449792
-8.5,-17.5,5,71.20511609,1.280276183
-8.5,-16.5,8,71.41493293,0.7866349796
-8.5,-15.5,6,72.30827979,1.168959915
-8.5,-14.5,7,72.85544509,1.96464922
-8.5,-13.5,3,72.22953107,3.253462216
-8.5,-12.5,4,74.09804529,1.240249827
-8.5,-11.5,3,73.25050837,0.6216836454
-8.5,-10.5,4,78.22977822,1.434963669
-8.5,-9.5,11,76.38684627,1.048026415
-8.5,-8.5,5,76.24227162,0.3303676126
-8.5,-7.5,7,76.819327,1.298005722
-8.5,-6.5,7,78.23312426,1.815701079
-8.5,-5.5,6,80.26140503,0.7351375304
-8.5,-4.5,2,83.81189807,4.536653365
-8.5,-3.5,13,80.76025699,1.553574917
-8.5,-2.5,12,81.90962013,1.491195785
-8.5,-1.5,4,81.14473875,0.842981301
-8.5,-0.5,8,82.1019269,1.273547794
-8.5,0.5,3,86.07635522,1.596939972
-8.5,1.5,6,80.02047904,0.6026457881
-8.5,2.5,3,82.60450491,1.231488681
-8.5,3.5,7,79.64337694,0.7604024968
-8.5,4.5,4,80.79204277,0.5294081264
-8.5,5.5,4,79.21321825,1.717479605
-8.5,6.5,9,78.43152135,1.114416966
-8.5,7.5,6,76.57649881,2.096815917
-8.5,8.5,9,75.25726821,1.099348618
-8.5,9.5,5,76.65855214,1.960078374
-8.5,10.5,3,71.01261998,1.509745076
-8.5,11.5,5,76.97901963,2.004588117
-8.5,12.5,5,70.81527711,0.7773158304
-8.5,13.5,9,72.2830747,1.26206457
-8.5,14.5,2,76.00222144,1.043999804
-8.5,15.5,5,71.48906709,2.179781365
-8.5,16.5,5,73.94188597,1.243909973
-8.5,17.5,5,71.91863838,1.383389686
-8.5,18.5,6,71.69073287,1.723451282
-8.5,19.5,6,68.5940884,1.489751193
-7.5,-19.5,10,71.05166685,1.311261371
-7.5,-18.5,1,72.55695719,0
-7.5,-17.5,8,70.94349911,1.641689911
-7.5,-16.5,7,70.88040181,1.355152476
-7.5,-15.5,2,74.58392838,3.608996769
-7.5,-14.5,7,73.05363793,1.686655286
-7.5,-13.5,1,64.03089812,0
-7.5,-12.5,6,74.46960138,0.7134976656
-7.5,-11.5,6,74.925732,1.393042101
-7.5,-10.5,10,73.97984424,0.9304272197
-7.5,-9.5,6,79.37441127,1.82690761
-7.5,-8.5,5,77.4651565,1.28575354
-7.5,-7.5,5,78.89013624,1.777603598
-7.5,-6.5,9,77.47473995,0.6136877628
-7.5,-5.5,7,79.17950454,1.813365524
-7.5,-4.5,4,83.63670698,1.185225907
-7.5,-3.5,11,82.99873281,1.031785524
-7.5,-2.5,7,79.71108257,1.667961539
-7.5,-1.5,9,82.08940207,1.093182306
-7.5,-0.5,10,82.46659933,1.241308473
-7.5,0.5,7,84.0589012,1.741764246
-7.5,1.5,8,84.4137248,1.210858519
-7.5,2.5,3,84.60909637,1.604818551
-7.5,3.5,9,82.45916948,1.179632656
-7.5,4.5,11,84.30075217,0.8312576305
-7.5,5.5,10,80.01738638,0.8665026896
-7.5,6.5,10,81.17230268,0.8818218075
-7.5,7.5,3,77.35737407,2.817112835
-7.5,8.5,11,77.5234788,1.028186236
-7.5,9.5,10,76.16416558,0.8015086269
-7.5,10.5,7,73.96298645,1.187520408
-7.5,11.5,10,72.23419653,0.8682063751
-7.5,12.5,7,74.2634121,0.9521875901
-7.5,13.5,10,73.12152312,1.377035412
-7.5,14.5,5,73.2909415,0.6324514631
-7.5,15.5,7,75.82122909,0.822328464
-7.5,16.5,8,69.28931472,1.234451605
-7.5,17.5,10,72.790537,1.557423389
-7.5,18.5,6,70.73976681,1.677252216
-7.5,19.5,7,73.16165898,1.684907387
-6.5,-19.5,5,72.39301237,1.780581975
-6.5,-18.5,4,73.98165649,1.868714158
-6.5,-17.5,5,73.16055219,0.8531761501
-6.5,-16.5,10,71.73913823,1.281512471
-6.5,-15.5,6,72.94141954,1.230043955
-6.5,-14.5,6,74.37230819,1.377745846
-6.5,-13.5,4,72.95939541,1.597202953
-6.5,-12.5,10,76.05241162,1.074894065
-6.5,-11.5,10,73.1701991,1.266631302
-6.5,-10.5,5,75.24236498,0.9495105251
-6.5,-9.5,7,75.91665746,1.17042592
-6.5,-8.5,3,82.25352492,1.515602502
-6.5,-7.5,4,83.50540196,0.9009677995
-6.5,-6.5,7,80.18400365,1.324141281
-6.5,-5.5,6,84.72292241,1.188869088
-6.5,-4.5,5,82.36709526,2.117106384
-6.5,-3.5,5,81.04258939,1.461276756
-6.5,-2.5,7,85.78933035,1.765228736
-6.5,-1.5,2,86.07191903,2.90420394
-6.5,-0.5,8,86.26062026,2.559057324
-6.5,0.5,3,83.83240421,2.701915116
-6.5,1.5,5,86.02379415,1.200234814
-6.5,2.5,11,85.76208216,1.218173083
-6.5,3.5,10,82.17965692,1.82745325
-6.5,4.5,12,81.78878057,1.204610272
-6.5,5.5,7,82.45368811,2.188865347
-6.5,6.5,8,81.43129103,1.653691304
-6.5,7.5,3,78.25591911,1.427443752
-6.5,8.5,4,79.44710219,1.476493951
-6.5,9.5,4,73.11479561,1.377052365
-6.5,10.5,8,79.62321038,1.216754946
-6.5,11.5,2,76.42987264,2.485256515
-6.5,12.5,4,74.87517574,0.8365489262
-6.5,13.5,6,73.66584565,1.617998825
-6.5,14.5,11,72.78841926,1.121275768
-6.5,15.5,12,73.29275229,1.210685478
-6.5,16.5,8,72.76373396,1.566740942
-6.5,17.5,5,72.48436974,1.589112858
-6.5,18.5,9,74.37972948,1.20284852
-6.5,19.5,11,70.2596204,0.8091310954
-5.5,-19.5,3,69.69275818,2.917541417
-5.5,-18.5,4,73.03302021,1.545421614
-5.5,-17.5,5,74.71473222,1.935679051
-5.5,-16.5,4,76.78398579,1.865950215
-5.5,-15.5,6,73.61701955,1.30267788
-5.5,-14.5,7,72.75031709,1.94038203
-5.5,-13.5,10,73.03792705,1.286082945
-5.5,-12.5,8,76.59426869,1.743233682
-5.5,-11.5,3,76.93078679,1.777837678
-5.5,-10.5,8,74.96909975,1.209507917
-5.5,-9.5,9,79.65671186,0.8736701541
-5.5,-8.5,9,80.89432887,1.308347252
-5.5,-7.5,9,82.98632948,1.710189626
-5.5,-6.5,4,78.80480868,2.82750466
-5.5,-5.5,6,81.42302226,2.639273086
-5.5,-4.5,5,85.75486292,2.605242051
-5.5,-3.5,4,85.05821854,2.655777927
-5.5,-2.5,4,87.27834541,2.042999588
-5.5,-1.5,4,91.04191787,1.947070354
-5.5,-0.5,2,92.6650458,0.2974382194
-5.5,0.5,7,91.846461,1.974893336
-5.5,1.5,6,90.41351393,2.035121939
-5.5,2.5,7,89.98820415,0.5975336941
-5.5,3.5,7,87.31880235,1.22465472
-5.5,4.5,8,88.58113972,1.795179653
-5.5,5.5,6,83.01090596,1.369560089
-5.5,6.5,3,81.67887056,0.9831531718
-5.5,7.5,14,82.21743893,0.8653092973
-5.5,8.5,6,80.02734163,1.755818084
-5.5,9.5,8,81.17687165,1.389430889
-5.5,10.5,8,75.58254402,0.9649300723
-5.5,11.5,9,76.24501264,1.167920278
-5.5,12.5,5,72.79721203,1.105717506
-5.5,13.5,8,72.48222195,1.213403378
-5.5,14.5,6,72.96235513,1.168046188
-5.5,15.5,8,73.28048626,1.007446584
-5.5,16.5,6,75.8884842,1.405706225
-5.5,17.5,5,71.24195097,0.9832450722
-5.5,18.5,10,72.92699592,1.300867011
-5.5,19.5,10,71.30274514,1.2376474
-4.5,-19.5,6,71.43107069,1.55407584
-4.5,-18.5,8,71.6531912,1.366963108
-4.5,-17.5,5,73.8398702,0.9926937969
-4.5,-16.5,8,73.47079807,1.10497404
-4.5,-15.5,3,72.50007074,2.432239478
-4.5,-14.5,7,72.13898756,2.147671146
-4.5,-13.5,7,76.31997585,1.478324546
-4.5,-12.5,6,76.36258057,1.286538287
-4.5,-11.5,3,78.20753262,2.782510358
-4.5,-10.5,6,78.41560103,1.175582385
-4.5,-9.5,9,77.54421832,1.588226499
-4.5,-8.5,11,80.88173388,0.899295265
-4.5,-7.5,9,79.0266616,1.087857928
-4.5,-6.5,3,86.24506817,2.454425314
-4.5,-5.5,3,84.22303021,0.8587176344
-4.5,-4.5,8,88.91184671,1.451753192
-4.5,-3.5,5,92.95236142,1.911408443
-4.5,-2.5,5,93.35674638,1.293019479
-4.5,-1.5,8,95.29451856,2.196438344
-4.5,-0.5,8,93.58636776,1.557223697
-4.5,0.5,5,95.79982711,2.307212039
-4.5,1.5,11,93.32579841,1.314964934
-4.5,2.5,10,95.68797941,1.970442096
-4.5,3.5,4,89.65839689,0.7030130683
-4.5,4.5,8,85.84618603,1.445902198
-4.5,5.5,5,84.70394481,1.279207604
-4.5,6.5,4,84.59872973,1.073173158
-4.5,7.5,5,84.00642385,1.293570379
-4.5,8.5,8,78.01814719,1.198900169
-4.5,9.5,3,79.70334748,2.402144482
-4.5,10.5,2,79.08510049,1.067112891
-4.5,11.5,10,78.09201813,1.125011421
-4.5,12.5,1,74.39891533,0
-4.5,13.5,7,73.08368586,1.142316815
-4.5,14.5,10,75.10794644,1.096243648
-4.5,15.5,9,72.14742272,0.9718354719
-4.5,16.5,4,75.16728161,2.253039302
-4.5,17.5,4,69.76750185,1.832470634
-4.5,18.5,7,73.80603614,1.088299841
-4.5,19.5,5,72.57703105,1.353653058
-3.5,-19.5,1,72.5392929,0
-3.5,-18.5,4,72.26276535,0.9675900799
-3.5,-17.5,8,75.30231493,0.9649844453
-3.5,-16.5,3,74.74649378,2.072491287
-3.5,-15.5,13,75.7649264,1.129692187
-3.5,-14.5,5,74.93388557,1.923608791
-3.5,-13.5,6,74.26759026,1.260655345
-3.5,-12.5,6,77.33666275,1.162665028
-3.5,-11.5,3,79.82023033,0.304118553
-3.5,-10.5,11,78.67683797,1.325605001
-3.5,-9.5,6,78.65603707,1.259937921
-3.5,-8.5,5,80.67840208,2.734576664
-3.5,-7.5,7,83.02770203,1.89543688
-3.5,-6.5,5,83.24003434,0.9888866177
-3.5,-5.5,9,88.1966143,1.053542867
-3.5,-4.5,5,88.91303685,2.224397766
-3.5,-3.5,3,98.31510136,0.1718205937
-3.5,-2.5,10,100.119361,1.158349657
-3.5,-1.5,5,100.0051165,2.631264471
-3.5,-0.5,7,106.9268406,2.478431392
-3.5,0.5,7,107.9267609,1.551743389
-3.5,1.5,5,103.6028355,3.117739141
-3.5,2.5,5,96.21293772,2.061639404
-3.5,3.5,5,90.05815796,2.375965716
-3.5,4.5,6,94.22111784,2.775722201
-3.5,5.5,6,85.06014062,1.61362501
-3.5,6.5,8,84.8925504,0.9898956847
-3.5,7.5,3,82.16442961,1.192656165
-3.5,8.5,5,80.88796248,1.321246294
-3.5,9.5,5,73.71694421,1.077734457
-3.5,10.5,6,78.69220893,1.317228125
-3.5,11.5,3,73.92729627,1.664615382
-3.5,12.5,2,78.16072309,2.329185901
-3.5,13.5,5,74.90245868,1.357362833
-3.5,14.5,8,76.09274415,1.38174097
-3.5,15.5,5,73.32311146,1.990454476
-3.5,16.5,10,73.09922449,1.015863123
-3.5,17.5,5,70.66251305,2.130503058
-3.5,18.5,12,71.8590987,0.838018382
-3.5,19.5,3,71.23558576,1.438450694
-2.5,-19.5,5,73.08703498,1.07730949
-2.5,-18.5,7,72.27048009,0.8767872112
-2.5,-17.5,5,74.51876956,1.735424714
-2.5,-16.5,6,71.97331048,1.243119629
-2.5,-15.5,6,76.17699996,1.380264465
-2.5,-14.5,9,74.86122781,1.154679181
-2.5,-13.5,5,75.6935194,2.458307312
-2.5,-12.5,9,75.45741649,1.056370025
-2.5,-11.5,1,75.50141362,0
-2.5,-10.5,6,79.303832,0.7447533335
-2.5,-9.5,5,79.38429024,1.386908363
-2.5,-8.5,6,78.96918946,1.936484526
-2.5,-7.5,12,84.6868124,1.569531214
-2.5,-6.5,3,84.69651663,1.217069152
-2.5,-5.5,6,89.79337443,1.278674911
-2.5,-4.5,5,92.05774874,2.386401475
-2.5,-3.5,5,101.5630913,1.645031287
-2.5,-2.5,3,108.1469734,2.954862386
-2.5,-1.5,7,119.3339193,2.085611765
-2.5,-0.5,9,118.8339422,1.585058327
-2.5,0.5,2,117.7503251,0.1373890217
-2.5,1.5,6,115.4267598,1.907413754
-2.5,2.5,5,113.7912635,2.256093534
-2.5,3.5,12,99.81554384,1.479023952
-2.5,4.5,5,96.33009403,4.692929278
-2.5,5.5,6,87.76959662,0.8659716982
-2.5,6.5,4,85.72548061,1.704400707
-2.5,7.5,7,80.77375506,0.9908772765
-2.5,8.5,3,80.81074373,1.168631235
-2.5,9.5,8,78.40742196,1.798074178
-2.5,10.5,4,76.2923182,1.487420842
-2.5,11.5,6,80.31536663,1.786743132
-2.5,12.5,4,72.98729309,2.28990095
-2.5,13.5,3,78.4796732,3.789708949
-2.5,14.5,4,73.97177799,1.836776109
-2.5,15.5,15,75.33420971,1.211976964
-2.5,16.5,5,72.43435012,2.133308938
-2.5,17.5,8,74.19944632,1.215351879
-2.5,18.5,7,74.05697153,1.324553705
-2.5,19.5,4,75.79617356,1.285645476
-1.5,-19.5,8,74.28835348,1.082673644
-1.5,-18.5,9,71.19028034,0.9280636494
-1.5,-17.5,4,72.55758364,1.660855225
-1.5,-16.5,5,73.61872128,1.250567193
-1.5,-15.5,8,74.4928015,1.392809833
-1.5,-14.5,8,73.26607833,1.226762332
-1.5,-13.5,2,74.97409969,2.563291821
-1.5,-12.5,3,75.71968491,1.071829129
-1.5,-11.5,5,75.46631174,1.350051086
-1.5,-10.5,4,78.09898865,1.33880104
-1.5,-9.5,7,78.96861284,1.572234247
-1.5,-8.5,4,78.51419403,1.089824718
-1.5,-7.5,9,81.73833748,1.161113842
-1.5,-6.5,4,85.10012992,3.363801548
-1.5,-5.5,4,91.72723255,1.654532757
-1.5,-4.5,6,97.43892433,3.881185494
-1.5,-3.5,12,101.1860756,2.051852137
-1.5,-2.5,6,120.7919032,1.722618154
-1.5,-1.5,7,126.3331301,1.770622087
-1.5,-0.5,7,124.7441388,0.8393536595
-1.5,0.5,11,128.7609634,1.998905965
-1.5,1.5,5,125.2372594,2.165116793
-1.5,2.5,4,118.9015385,3.538060499
-1.5,3.5,9,102.5906005,1.144850787
-1.5,4.5,10,95.89934248,0.9700012381
-1.5,5.5,4,89.78750411,0.6033707028
-1.5,6.5,3,81.95944236,2.873251689
-1.5,7.5,6,83.06285174,1.54353351
-1.5,8.5,6,80.78308624,1.882624546
-1.5,9.5,6,83.82926615,1.305700641
-1.5,10.5,4,79.09173197,0.651016727
-1.5,11.5,8,77.15094572,1.629153455
-1.5,12.5,8,74.6333153,1.282442083
-1.5,13.5,5,72.31652135,1.033615301
-1.5,14.5,8,75.53007839,1.595112606
-1.5,15.5,6,74.71064124,2.7351735
-1.5,16.5,6,73.56703721,1.72725909
-1.5,17.5,7,73.26990111,1.427227299
-1.5,18.5,4,70.65912423,1.016259153
-1.5,19.5,4,73.6067168,1.474978326
-0.5,-19.5,4,69.4672081,2.293488371
-0.5,-18.5,4,68.72375025,1.528793123
-0.5,-17.5,6,68.6615071,1.035955065
-0.5,-16.5,3,72.56991019,2.419664161
-0.5,-15.5,13,74.31730471,1.087787521
-0.5,-14.5,8,74.13014731,0.7117040254
-0.5,-13.5,6,74.88199349,1.358451064
-0.5,-12.5,6,78.19013082,1.628847185
-0.5,-11.5,4,80.12881052,1.821637832
-0.5,-10.5,8,78.01987291,1.430457882
-0.5,-9.5,3,77.32636629,1.552056577
-0.5,-8.5,7,81.73761965,1.500774533
-0.5,-7.5,8,80.60677892,1.958000916
-0.5,-6.5,4,87.3950268,1.619141364
-0.5,-5.5,2,88.5107769,2.386412216
-0.5,-4.5,9,96.41584005,1.425868462
-0.5,-3.5,3,106.7267858,4.226459831
-0.5,-2.5,5,119.2356367,1.093496676
-0.5,-1.5,5,127.5440835,2.029648738
-0.5,-0.5,6,130.4752446,3.513126458
-0.5,0.5,4,121.7171926,2.24114022
-0.5,1.5,6,124.5160639,0.9571988547
-0.5,2.5,3,114.9265275,1.490893664
-0.5,3.5,9,102.1752037,1.58103531
-0.5,4.5,6,97.20201242,1.767009999
-0.5,5.5,3,93.69993758,5.551884885
-0.5,6.5,5,84.63726912,1.552216938
-0.5,7.5,10,86.68880869,1.20663896
-0.5,8.5,7,79.26823626,1.436260461
-0.5,9.5,7,78.16575217,1.306384035
-0.5,10.5,6,80.24379528,1.335545665
-0.5,11.5,7,79.98074474,1.548882802
-0.5,12.5,6,76.24554146,2.068322373
-0.5,13.5,5,76.84498906,1.361911509
-0.5,14.5,5,75.44289677,2.110976456
-0.5,15.5,8,74.27978892,1.242845256
-0.5,16.5,5,75.29491515,2.847083697
-0.5,17.5,5,74.38287721,1.03049411
-0.5,18.5,4,73.06085319,2.370648764
-0.5,19.5,7,73.29086925,0.4824260009
0.5,-19.5,5,72.72591865,2.139376677
0.5,-18.5,4,75.52496192,0.703087387
0.5,-17.5,10,72.58918077,1.030659811
0.5,-16.5,8,74.25423498,1.656372248
0.5,-15.5,7,75.87599384,1.810371054
0.5,-14.5,5,73.55642754,0.931758107
0.5,-13.5,7,73.57813414,1.147655071
0.5,-12.5,7,76.0183025,1.790281984
0.5,-11.5,7,75.63548932,1.041109261
0.5,-10.5,8,78.86493888,1.106066359
0.5,-9.5,7,81.83389837,0.7400549231
0.5,-8.5,5,78.71860992,0.2220978414
0.5,-7.5,6,85.68455946,0.6305719473
0.5,-6.5,9,85.70964692,1.009189476
0.5,-5.5,8,90.67982341,2.469012902
0.5,-4.5,7,95.56914735,1.758221735
0.5,-3.5,5,101.1245573,1.51764121
0.5,-2.5,5,116.9003396,4.724771152
0.5,-1.5,5,129.2234151,2.746812591
0.5,-0.5,7,133.653139,2.260691423
0.5,0.5,6,126.3690848,1.569480567
0.5,1.5,5,128.1307973,2.663922968
0.5,2.5,8,117.2217739,1.986754903
0.5,3.5,10,103.8475269,1.595910847
0.5,4.5,3,93.32808456,0.9600742241
0.5,5.5,2,89.75646366,0.5062831931
0.5,6.5,6,88.25332272,1.164806173
0.5,7.5,3,89.46793869,0.5480489132
0.5,8.5,8,82.42086948,1.390787
0.5,9.5,11,79.41836681,0.8251607609
0.5,10.5,3,79.36825605,1.259461734
0.5,11.5,8,74.7054107,1.428006368
0.5,12.5,8,76.1504416,0.8089588968
0.5,13.5,11,73.72518182,1.322638703
0.5,14.5,5,77.79907031,1.361295183
0.5,15.5,4,74.76910574,1.976069577
0.5,16.5,7,73.33758952,2.027557794
0.5,17.5,7,75.84353522,0.8649879737
0.5,18.5,14,73.04766157,1.200397074
0.5,19.5,7,75.08137658,1.82680458
1.5,-19.5,9,71.53030798,0.9076708202
1.5,-18.5,8,71.13243259,1.053850673
1.5,-17.5,4,72.07717967,1.141610127
1.5,-16.5,6,73.43223211,1.182394029
1.5,-15.5,8,74.85499857,1.134729745
1.5,-14.5,5,75.89524381,2.264098869
1.5,-13.5,5,76.22882602,1.306603957
1.5,-12.5,6,77.40201812,1.49390465
1.5,-11.5,5,76.9299163,1.052812328
1.5,-10.5,6,78.56848696,1.60574567
1.5,-9.5,5,79.2971079,0.9935515749
1.5,-8.5,3,80.93309333,1.708082176
1.5,-7.5,6,87.03407683,1.33972822
1.5,-6.5,2,90.4986726,0.7438175222
1.5,-5.5,6,92.15794837,1.011311128
1.5,-4.5,6,95.20975226,1.791867183
1.5,-3.5,2,105.4676279,1.479036435
1.5,-2.5,8,118.3831696,1.854187734
1.5,-1.5,7,125.581941,2.903922906
1.5,-0.5,7,125.4791382,2.476418459
1.5,0.5,7,127.9442303,1.352014724
1.5,1.5,5,120.8832046,1.478029728
1.5,2.5,7,117.8727001,2.303107538
1.5,3.5,2,93.3765051,3.978977472
1.5,4.5,5,97.09987422,2.237127921
1.5,5.5,6,90.12883017,1.158267926
1.5,6.5,6,84.76376651,1.690451246
1.5,7.5,9,82.03562209,1.720297118
1.5,8.5,7,82.62204472,0.8914148255
1.5,9.5,7,78.54850351,1.499847481
1.5,10.5,11,77.86620162,0.926460267
1.5,11.5,4,76.64685932,2.734594736
1.5,12.5,7,75.59897525,1.364975715
1.5,13.5,3,75.03719202,0.7998200119
1.5,14.5,6,72.98263169,0.9153330928
1.5,15.5,4,73.45259937,1.410718766
1.5,16.5,5,72.04020355,0.7016022772
1.5,17.5,6,71.34190409,0.9386428264
1.5,18.5,3,72.64603048,1.431359728
1.5,19.5,8,73.17786172,0.8997891284
2.5,-19.5,4,71.02126221,1.494822436
2.5,-18.5,5,70.23376974,1.024769328
2.5,-17.5,4,72.23771581,1.269931691
2.5,-16.5,8,73.77584608,1.754053745
2.5,-15.5,7,72.49832056,1.211340498
2.5,-14.5,3,71.05564062,1.650690119
2.5,-13.5,4,74.92738421,0.345603872
2.5,-12.5,8,76.04142634,0.7286346753
2.5,-11.5,7,75.84253725,0.6014670362
2.5,-10.5,9,78.17317532,0.8830076454
2.5,-9.5,5,74.78788547,1.32368279
2.5,-8.5,4,82.36327409,1.332577666
2.5,-7.5,8,82.8884985,1.275388187
2.5,-6.5,7,84.05760932,1.471764591
2.5,-5.5,4,88.79387732,2.364895468
2.5,-4.5,10,92.29283195,1.558142784
2.5,-3.5,5,99.98744679,1.856021827
2.5,-2.5,9,113.1892009,2.306061941
2.5,-1.5,10,115.0288414,2.355832995
2.5,-0.5,0,0,0
2.5,0.5,5,119.1396171,3.645769069
2.5,1.5,8,123.6848061,1.902357935
2.5,2.5,8,114.9418044,1.812156014
2.5,3.5,6,99.7807018,2.050501244
2.5,4.5,5,96.00151452,1.93455515
2.5,5.5,7,90.44866848,1.101450605
2.5,6.5,8,85.43521752,2.065492727
2.5,7.5,5,82.82068562,1.366664197
2.5,8.5,7,81.16450637,0.9995488578
2.5,9.5,7,80.43253159,1.195897935
2.5,10.5,4,77.36523214,1.323361934
2.5,11.5,7,78.32688902,1.472495168
2.5,12.5,5,74.52168849,2.261479928
2.5,13.5,5,76.11177203,1.143336324
2.5,14.5,14,74.94789451,0.9474285766
2.5,15.5,7,75.2401161,1.993912084
2.5,16.5,7,74.15018291,1.07920642
2.5,17.5,1,74.08212434,0
2.5,18.5,5,70.38408613,1.657088171
2.5,19.5,6,71.15245923,1.34182709
3.5,-19.5,5,70.55399045,1.069146288
3.5,-18.5,5,74.19791499,0.9678850873
3.5,-17.5,7,71.87157613,1.804036127
3.5,-16.5,8,78.44901353,1.768083326
3.5,-15.5,5,78.07685918,2.435476735
3.5,-14.5,8,76.24972863,1.565982478
3.5,-13.5,9,75.97595947,1.009712795
3.5,-12.5,10,79.17621653,1.349479009
3.5,-11.5,6,77.54383511,1.484805901
3.5,-10.5,8,77.12626641,1.638418434
3.5,-9.5,3,73.94296368,2.99814985
3.5,-8.5,8,80.33787292,1.226341898
3.5,-7.5,5,81.46515844,1.311898123
3.5,-6.5,9,83.58845709,1.0732238
3.5,-5.5,8,85.50155869,1.483234428
3.5,-4.5,4,93.66249847,1.416864038
3.5,-3.5,6,93.18664568,3.248205203
3.5,-2.5,5,108.5259932,4.679087076
3.5,-1.5,16,103.2938733,1.290534386
3.5,-0.5,6,103.6821866,0.851409413
3.5,0.5,3,101.5732582,0.8107683153
3.5,1.5,4,106.4979351,0.6659189757
3.5,2.5,5,96.83713768,0.9565385359
3.5,3.5,11,94.22952193,1.709095444
3.5,4.5,10,92.61223718,0.8184282613
3.5,5.5,6,87.47254994,1.355671379
3.5,6.5,9,83.43501247,1.319933342
3.5,7.5,4,85.01223674,2.777898893
3.5,8.5,7,77.98761959,2.409998225
3.5,9.5,10,81.03382705,0.9358506251
3.5,10.5,3,78.6224916,1.076683619
3.5,11.5,8,75.92050734,1.193337659
3.5,12.5,6,75.28782136,0.8368075446
3.5,13.5,6,72.14395332,1.405619462
3.5,14.5,10,74.49327634,0.9309842084
3.5,15.5,9,72.30740082,1.05141314
3.5,16.5,8,73.69224888,0.84961775
3.5,17.5,9,72.07766077,0.680912494
3.5,18.5,7,72.1739784,2.1483489
3.5,19.5,9,73.31640876,1.328579955
4.5,-19.5,5,75.79074726,1.176035868
4.5,-18.5,6,73.24610007,0.7132811611
4.5,-17.5,5,70.17512191,1.210011267
4.5,-16.5,3,69.23153458,3.118795001
4.5,-15.5,5,73.69404757,1.021138847
4.5,-14.5,7,74.72761553,1.340185624
4.5,-13.5,6,75.38520172,1.305230771
4.5,-12.5,6,75.25253145,1.490878074
4.5,-11.5,2,74.52456699,4.315490595
4.5,-10.5,6,79.37845707,1.301505558
4.5,-9.5,7,80.64157947,1.299788044
4.5,-8.5,9,78.58362259,0.8390057349
4.5,-7.5,10,80.03214306,1.564859321
4.5,-6.5,4,84.04615302,0.9566986519
4.5,-5.5,5,87.60497733,0.7566199046
4.5,-4.5,3,87.07320307,1.947684603
4.5,-3.5,5,92.73066771,1.852997293
4.5,-2.5,3,91.37175045,2.154841132
4.5,-1.5,11,94.25910695,0.9461529997
4.5,-0.5,5,98.71592502,0.7260836119
4.5,0.5,8,94.98350931,2.492874563
4.5,1.5,7,95.12219399,1.427436629
4.5,2.5,3,94.09803358,2.626351431
4.5,3.5,6,90.28695192,1.972800592
4.5,4.5,5,84.58763445,1.264023722
4.5,5.5,4,91.18071746,1.894440807
4.5,6.5,7,84.33638311,1.491411572
4.5,7.5,10,81.32992062,1.037058702
4.5,8.5,5,80.14751376,1.310910445
4.5,9.5,7,77.88871749,1.333410715
4.5,10.5,5,77.9601556,0.9147651761
4.5,11.5,6,77.02927908,1.118541
4.5,12.5,3,78.61740373,2.695154647
4.5,13.5,5,75.74081767,1.004102493
4.5,14.5,5,72.56525325,1.131749385
4.5,15.5,2,73.91486749,2.898298587
4.5,16.5,4,75.04273962,0.9817206703
4.5,17.5,4,72.90862635,1.727972443
4.5,18.5,5,76.00025802,1.08518236
4.5,19.5,10,71.96764385,0.8936085109
5.5,-19.5,9,72.36902462,0.6321581064
5.5,-18.5,6,72.00319959,0.6918334503
5.5,-17.5,4,73.39562099,0.9806333317
5.5,-16.5,4,69.23644127,1.644423282
5.5,-15.5,1,73.23617002,0
5.5,-14.5,5,77.17148842,2.65882969
5.5,-13.5,8,76.14674558,1.463288196
5.5,-12.5,3,72.15623445,2.409161358
5.5,-11.5,4,75.79217997,2.202409339
5.5,-10.5,4,77.05234703,1.642675323
5.5,-9.5,7,77.13034448,2.077430089
5.5,-8.5,5,81.42292154,0.6250346514
5.5,-7.5,6,79.77124112,1.766055503
5.5,-6.5,6,82.86891929,1.949287339
5.5,-5.5,10,82.16811604,1.920729643
5.5,-4.5,11,85.54973591,1.082547563
5.5,-3.5,2,87.69872975,0.3009568137
5.5,-2.5,3,90.07298997,0.5701844786
5.5,-1.5,4,90.45879932,1.416160399
5.5,-0.5,6,89.61215542,2.119757509
5.5,0.5,7,92.74656268,1.319260436
5.5,1.5,8,89.20236121,1.137294217
5.5,2.5,3,89.0801598,2.668249731
5.5,3.5,7,90.89034899,0.966678982
5.5,4.5,3,85.49689174,2.486736377
5.5,5.5,8,81.77218131,0.6568369839
5.5,6.5,8,83.66613113,1.016099032
5.5,7.5,3,81.17387535,2.346403881
5.5,8.5,4,77.79926552,2.230491347
5.5,9.5,4,78.87709996,1.569360503
5.5,10.5,7,74.75711668,1.230612263
5.5,11.5,2,75.38032247,1.760357536
5.5,12.5,6,75.60223539,1.361787278
5.5,13.5,4,75.39688998,1.646986128
5.5,14.5,4,75.19953001,0.814505048
5.5,15.5,11,73.76223206,1.077182607
5.5,16.5,9,74.94164364,1.457656126
5.5,17.5,9,72.18550335,1.338939204
5.5,18.5,6,72.56789879,1.353644799
5.5,19.5,8,74.58000406,1.678192285
6.5,-19.5,5,68.66796485,0.8574605622
6.5,-18.5,7,73.65842027,1.924978215
6.5,-17.5,12,69.69631424,1.288166944
6.5,-16.5,9,74.46782223,1.359328592
6.5,-15.5,6,71.05892088,1.125730705
6.5,-14.5,8,75.13664894,1.227587864
6.5,-13.5,2,74.49965593,0.4635978845
6.5,-12.5,5,74.64165003,1.685501318
6.5,-11.5,7,75.80226098,1.888383749
6.5,-10.5,6,76.95195646,0.64288674
6.5,-9.5,5,74.52652033,0.7790255964
6.5,-8.5,4,77.76971791,1.472628659
6.5,-7.5,7,78.19287001,1.275521489
6.5,-6.5,7,81.59130081,1.819949305
6.5,-5.5,6,82.446454,0.897547793
6.5,-4.5,3,81.76365327,0.9380708999
6.5,-3.5,6,85.51948075,0.4988640925
6.5,-2.5,9,84.8355758,1.545218409
6.5,-1.5,5,87.35797087,1.861532486
6.5,-0.5,5,87.23969249,1.626155153
6.5,0.5,10,89.86685023,0.8355228436
6.5,1.5,10,84.75232483,1.134176394
6.5,2.5,6,86.30901138,1.508325067
6.5,3.5,6,84.2771761,1.328854059
6.5,4.5,4,84.16362163,3.697103429
6.5,5.5,3,75.54292911,2.634684902
6.5,6.5,6,81.0632806,2.43418127
6.5,7.5,7,77.54886111,1.234292299
6.5,8.5,11,80.9705406,0.7347911871
6.5,9.5,10,77.04495958,0.9241315442
6.5,10.5,5,76.25998667,2.628505667
6.5,11.5,7,76.14431094,1.413558392
6.5,12.5,8,73.85779088,0.8401086279
6.5,13.5,9,71.80090699,0.8677500318
6.5,14.5,5,74.29490806,1.393038722
6.5,15.5,9,73.98151253,0.8764217045
6.5,16.5,7,69.41478807,1.44209743
6.5,17.5,8,71.26438335,1.179538438
6.5,18.5,3,72.96525445,2.223310432
6.5,19.5,6,74.02790654,0.8969913299
7.5,-19.5,8,72.93290096,1.99622489
7.5,-18.5,5,73.27299353,1.590970894
7.5,-17.5,10,71.88532985,1.163324472
7.5,-16.5,7,74.02265273,0.8239400772
7.5,-15.5,11,71.93922421,0.7645464493
7.5,-14.5,6,74.83359214,0.9118750454
7.5,-13.5,9,72.66255443,0.9632006836
7.5,-12.5,7,75.51310759,0.6957406563
7.5,-11.5,2,72.9854335,0.7988250822
7.5,-10.5,9,77.20963547,1.339751522
7.5,-9.5,4,80.33065225,1.775648194
7.5,-8.5,8,78.4929824,1.366629764
7.5,-7.5,4,80.17017963,0.717384566
7.5,-6.5,7,77.9066503,1.232634011
7.5,-5.5,6,83.85969484,2.278762925
7.5,-4.5,6,79.25054106,2.068069422
7.5,-3.5,2,83.81288902,1.614339817
7.5,-2.5,7,82.70294083,1.113668967
7.5,-1.5,6,79.79917742,0.9986256334
7.5,-0.5,11,83.00345229,0.7588579835
7.5,0.5,8,85.50369584,1.791373286
7.5,1.5,4,84.47255216,1.611027284
7.5,2.5,3,83.635894,2.360976007
7.5,3.5,4,79.47323645,2.065281719
7.5,4.5,1,81.9297036,0
7.5,5.5,6,78.58185147,1.761936357
7.5,6.5,4,82.78202821,1.047117197
7.5,7.5,4,79.96878966,2.104782188
7.5,8.5,6,76.97564157,1.490717496
7.5,9.5,8,76.24365698,1.667126538
7.5,10.5,3,78.45079576,2.655408637
7.5,11.5,10,76.78011477,1.028004446
7.5,12.5,4,73.77576511,1.78032124
7.5,13.5,3,75.09537967,1.213718936
7.5,14.5,13,73.2808371,0.8207646499
7.5,15.5,7,70.12515493,1.163652211
7.5,16.5,7,72.34518076,0.7664056183
7.5,17.5,4,69.07011031,2.107658256
7.5,18.5,5,69.20733004,2.012053598
7.5,19.5,5,71.24993525,1.942442075
8.5,-19.5,11,73.39941232,1.169370051
8.5,-18.5,9,72.37351751,1.328186203
8.5,-17.5,9,72.42627403,1.624443368
8.5,-16.5,8,72.68431479,1.16053954
8.5,-15.5,8,74.63093763,1.347674657
8.5,-14.5,7,74.04828852,1.420195851
8.5,-13.5,6,72.58310266,0.5463396162
8.5,-12.5,6,75.46301845,1.398139186
8.5,-11.5,5,71.68414891,1.859908095
8.5,-10.5,7,76.351427,2.382812405
8.5,-9.5,7,75.0183624,1.660248565
8.5,-8.5,13,78.39235651,0.6244748167
8.5,-7.5,4,74.35642736,0.6583761341
8.5,-6.5,2,79.19571291,1.537004532
8.5,-5.5,9,79.34680955,0.8202960908
8.5,-4.5,4,82.54045157,0.8308089123
8.5,-3.5,6,79.10312143,1.333127469
8.5,-2.5,5,82.14983801,1.37089015
8.5,-1.5,5,81.64049075,1.725579223
8.5,-0.5,7,84.05991286,1.356135828
8.5,0.5,8,81.92615307,1.607329536
8.5,1.5,9,82.61606345,0.6222158417
8.5,2.5,5,81.23757868,1.295960806
8.5,3.5,6,80.18893312,1.887064175
8.5,4.5,3,81.7469281,2.414576321
8.5,5.5,4,80.2169784,2.165087342
8.5,6.5,7,79.3971509,1.870933719
8.5,7.5,2,79.17004001,1.529533683
8.5,8.5,12,74.9195568,1.31650973
8.5,9.5,4,81.05419872,2.627877657
8.5,10.5,8,76.81011361,0.8588791864
8.5,11.5,5,71.36668858,1.884263332
8.5,12.5,5,75.81289888,1.178964133
8.5,13.5,6,72.94070002,0.9751669517
8.5,14.5,5,71.53705882,0.8881742899
8.5,15.5,5,73.6877641,1.067026655
8.5,16.5,1,68.70012205,0
8.5,17.5,5,74.44806137,1.790775995
8.5,18.5,9,70.597896,1.682504426
8.5,19.5,8,74.33423769,1.406887512
9.5,-19.5,3,70.62779481,1.029688375
9.5,-18.5,4,70.03331699,1.942380018
9.5,-17.5,6,71.66463447,1.976961946
9.5,-16.5,5,72.52567131,1.575814073
9.5,-15.5,5,68.71543647,1.314454728
9.5,-14.5,8,71.93975871,1.30808486
9.5,-13.5,8,71.42881654,1.483146747
9.5,-12.5,4,73.86946146,2.415277086
9.5,-11.5,7,75.91684113,1.542337732
9.5,-10.5,9,75.25202313,0.9230497211
9.5,-9.5,5,73.94400832,1.748174075
9.5,-8.5,8,77.85383763,1.016319431
9.5,-7.5,3,82.56941938,3.114116109
9.5,-6.5,6,80.37581655,0.9955410351
9.5,-5.5,9,78.63663624,0.6134479939
9.5,-4.5,10,78.50411612,1.429582218
9.5,-3.5,7,77.96743707,1.698327972
9.5,-2.5,10,80.87992291,0.7595865851
9.5,-1.5,12,81.36784335,1.284713068
9.5,-0.5,5,81.81042412,2.167699471
9.5,0.5,5,79.78203236,2.036457812
9.5,1.5,5,80.43881447,1.764047412
9.5,2.5,6,81.99347263,0.7992373648
9.5,3.5,4,82.89152195,2.193113599
9.5,4.5,7,76.47587385,0.9801814788
9.5,5.5,8,80.07917568,1.145038276
9.5,6.5,7,77.63668843,1.330796887
9.5,7.5,5,78.16417265,1.045388797
9.5,8.5,7,77.40311711,1.17617759
9.5,9.5,8,76.44679873,2.268119298
9.5,10.5,4,73.72516166,1.949841659
9.5,11.5,7,74.53589585,1.529254249
9.5,12.5,3,71.83781702,1.75671427
9.5,13.5,5,70.99641098,1.735839313
9.5,14.5,9,74.24122007,1.199167217
9.5,15.5,5,74.95308177,1.427677651
9.5,16.5,2,67.42472004,1.476519264
9.5,17.5,7,70.05581441,1.005418676
9.5,18.5,7,73.0817831,2.059131094
9.5,19.5,8,69.61679251,0.9663186664
10.5,-19.5,12,71.78626899,0.7190257952
10.5,-18.5,9,73.18677842,0.8587086849
10.5,-17.5,11,72.83233635,0.923061046
10.5,-16.5,5,74.1554709,2.111161306
10.5,-15.5,5,74.3955609,0.9844958293
10.5,-14.5,8,71.98004494,1.816299827
10.5,-13.5,7,75.65556811,2.021998497
10.5,-12.5,3,75.3991336,3.581488211
10.5,-11.5,5,73.00357889,2.688697817
10.5,-10.5,12,75.22998533,1.183421974
10.5,-9.5,4,74.10619016,1.827460323
10.5,-8.5,5,75.60191977,1.698209253
10.5,-7.5,10,75.7540277,1.270096428
10.5,-6.5,8,76.64738151,1.276153983
10.5,-5.5,5,78.78190417,0.9324249961
10.5,-4.5,9,76.55467854,0.8928139631
10.5,-3.5,6,80.83095361,0.7643320249
10.5,-2.5,8,78.57706045,1.161411139
10.5,-1.5,3,74.42170605,1.740261104
10.5,-0.5,9,77.68102004,1.506893635
10.5,0.5,11,78.66450014,0.8268294787
10.5,1.5,4,76.16048975,2.104897458
10.5,2.5,8,79.29089393,0.804189727
10.5,3.5,9,78.04716368,1.223938118
10.5,4.5,4,77.58294664,2.340952246
10.5,5.5,6,80.2194195,1.827797671
10.5,6.5,5,74.39986833,1.154623647
10.5,7.5,9,73.6785006,1.359277043
10.5,8.5,4,73.12997113,1.092849966
10.5,9.5,7,75.53267222,1.746392334
10.5,10.5,4,69.86164714,1.416396967
10.5,11.5,8,72.54242179,1.656382396
10.5,12.5,7,76.48856392,1.532777309
10.5,13.5,2,76.73665092,1.830432189
10.5,14.5,8,73.42694325,1.102329222
10.5,15.5,6,72.60332698,1.816161502
10.5,16.5,6,72.41041303,1.188003491
10.5,17.5,8,72.06713682,1.648060055
10.5,18.5,4,72.08505878,0.6564005513
10.5,19.5,7,71.65232182,1.104259683
11.5,-19.5,3,65.9693964,0.8215595549
11.5,-18.5,6,70.89463693,1.642538314
11.5,-17.5,4,74.11049258,1.872869539
11.5,-16.5,2,72.8192754,0.1162095536
11.5,-15.5,11,73.31236876,0.9523190313
11.5,-14.5,5,71.88520466,1.014780306
11.5,-13.5,7,71.8718042,0.7855966691
11.5,-12.5,5,72.75256378,1.648292431
11.5,-11.5,7,72.36375067,2.624504854
11.5,-10.5,6,75.90280202,0.5439251163
11.5,-9.5,3,76.14244611,1.422205511
11.5,-8.5,3,75.61770843,1.582181451
11.5,-7.5,9,74.74437638,1.174317575
11.5,-6.5,8,75.90704959,1.030660804
11.5,-5.5,8,79.47270976,1.287927944
11.5,-4.5,7,76.20878857,1.474336567
11.5,-3.5,14,76.89160181,1.272206765
11.5,-2.5,5,76.13269962,1.481613501
11.5,-1.5,2,82.12020931,1.133754957
11.5,-0.5,3,74.14826364,0.3333152229
11.5,0.5,4,76.90984848,1.180046661
11.5,1.5,6,76.14863756,1.464425946
11.5,2.5,3,75.73586459,0.6045523735
11.5,3.5,8,73.96398059,1.513449243
11.5,4.5,2,74.36857657,1.445359967
11.5,5.5,4,71.9914193,1.068030786
11.5,6.5,4,77.88283518,1.001902147
11.5,7.5,2,72.74510298,1.553165461
11.5,8.5,3,76.21052936,0.7997879431
11.5,9.5,3,72.44768114,1.270405192
11.5,10.5,4,74.57570793,4.080852089
11.5,11.5,8,75.662999,1.114960936
11.5,12.5,9,71.59852469,1.430934357
11.5,13.5,4,70.12822275,1.799564126
11.5,14.5,8,74.69239091,1.178081546
11.5,15.5,8,73.08222724,1.475873104
11.5,16.5,5,72.85857208,1.490453416
11.5,17.5,9,67.9818063,1.180669662
11.5,18.5,5,72.18938502,2.066703733
11.5,19.5,8,73.11117973,1.239257998
12.5,-19.5,4,68.44383433,0.8886808111
12.5,-18.5,3,67.96328261,1.345586584
12.5,-17.5,6,70.00947745,1.365793988
12.5,-16.5,7,69.68260943,1.267372396
12.5,-15.5,9,68.69068412,1.377837301
12.5,-14.5,6,71.53629837,1.030685437
12.5,-13.5,8,72.07632905,1.467872351
12.5,-12.5,10,71.76736095,1.511310862
12.5,-11.5,5,71.69309664,0.9404917172
12.5,-10.5,8,72.62476774,1.250812161
12.5,-9.5,5,73.1235699,0.9372181157
12.5,-8.5,8,76.60115316,1.227266513
12.5,-7.5,7,74.2828681,1.458492561
12.5,-6.5,2,74.70151129,0.7877419677
12.5,-5.5,9,74.87239292,0.8526859864
12.5,-4.5,8,76.99582866,1.249113868
12.5,-3.5,3,75.4922806,1.94267756
12.5,-2.5,5,75.36413373,2.757444679
12.5,-1.5,5,76.0451197,2.153071269
12.5,-0.5,4,80.67331971,1.489930421
12.5,0.5,8,75.52003718,1.227258575
12.5,1.5,7,75.31516948,0.8304677185
12.5,2.5,6,75.74299008,1.683975804
12.5,3.5,6,74.52336108,1.845161772
12.5,4.5,7,76.06857265,0.716617855
12.5,5.5,5,75.1121378,1.107001888
12.5,6.5,8,75.53307954,1.342989654
12.5,7.5,7,76.2284635,1.771328956
12.5,8.5,8,74.9073253,1.512992765
12.5,9.5,11,73.98275516,0.8276941058
12.5,10.5,5,72.46470273,1.547518781
12.5,11.5,11,73.05328006,0.7337739713
12.5,12.5,2,68.80475342,1.065557955
12.5,13.5,4,71.97833964,1.649770482
12.5,14.5,5,71.96970739,1.574614723
12.5,15.5,7,70.02277655,0.82056
12.5,16.5,6,71.98156694,1.898694108
12.5,17.5,10,69.75866567,0.7134721999
12.5,18.5,10,69.90599178,0.944766104
12.5,19.5,7,73.0591206,1.03889805
13.5,-19.5,6,70.4410658,1.477977286
13.5,-18.5,2,69.39033305,0.7782726887
13.5,-17.5,7,72.30702946,1.235825464
13.5,-16.5,5,71.93592637,2.074836032
13.5,-15.5,11,71.53523001,0.9863184482
13.5,-14.5,6,69.20146928,1.466663495
13.5,-13.5,5,69.6319788,1.028626832
13.5,-12.5,10,71.3632381,1.480669999
13.5,-11.5,5,70.76361935,0.8318270414
13.5,-10.5,7,74.84348026,1.367068328
13.5,-9.5,8,74.49787549,1.354284582
13.5,-8.5,6,73.81605821,1.763724496
13.5,-7.5,5,71.83266964,2.355182686
13.5,-6.5,5,74.55584579,2.20338592
13.5,-5.5,5,73.75195925,1.214781523
13.5,-4.5,10,75.00119875,1.224754085
13.5,-3.5,1,73.5600395,0
13.5,-2.5,9,77.5549521,1.156790893
13.5,-1.5,3,73.706976,0.8888991863
13.5,-0.5,7,74.03995378,0.9043738785
13.5,0.5,11,74.61520751,1.077808247
13.5,1.5,6,76.80190536,1.619088693
13.5,2.5,5,72.83505803,1.642037151
13.5,3.5,3,75.13203861,2.595152781
13.5,4.5,10,75.16239055,1.416052117
13.5,5.5,5,74.97474729,1.668529179
13.5,6.5,5,74.341649,1.950750775
13.5,7.5,7,75.92720982,0.7766517946
13.5,8.5,6,72.72319885,1.471287689
13.5,9.5,7,72.62993522,1.973260369
13.5,10.5,8,73.34387999,0.9069049003
13.5,11.5,6,73.1734053,0.9721689667
13.5,12.5,8,72.71638399,1.322995731
13.5,13.5,6,72.18420355,1.358957626
13.5,14.5,5,72.88102787,0.5088275369
13.5,15.5,5,72.3448011,1.921061325
13.5,16.5,6,74.15972945,1.734032468
13.5,17.5,6,69.87547302,2.499133577
13.5,18.5,11,69.77465223,0.9448112296
13.5,19.5,3,70.56167961,1.031224261
14.5,-19.5,4,70.14510125,0.7015603275
14.5,-18.5,12,69.08334994,1.088435022
14.5,-17.5,6,73.32066384,2.079938328
14.5,-16.5,6,73.20349053,1.994356336
14.5,-15.5,11,69.58113122,1.192164924
14.5,-14.5,5,72.61509125,2.365361211
14.5,-13.5,7,72.98016697,2.149493981
14.5,-12.5,5,71.378319,0.6878852041
14.5,-11.5,5,74.32945541,2.73976334
14.5,-10.5,7,72.7350284,1.365042424
14.5,-9.5,5,70.88964475,2.486438671
14.5,-8.5,6,74.35049186,1.677395604
14.5,-7.5,7,73.1387052,1.105907872
14.5,-6.5,4,72.28947226,1.219427722
14.5,-5.5,8,74.81797283,1.449793241
14.5,-4.5,15,73.93796668,0.9818344312
14.5,-3.5,3,70.59000237,1.846823967
14.5,-2.5,5,75.86442386,1.794050423
14.5,-1.5,5,75.52100383,1.103469011
14.5,-0.5,8,75.29925135,0.5667411712
14.5,0.5,2,76.036024,2.785687001
14.5,1.5,7,75.06046372,2.48373235
14.5,2.5,3,71.89066203,2.195170308
14.5,3.5,3,78.08277627,1.989371011
14.5,4.5,6,74.89568333,1.104955847
14.5,5.5,6,76.22604785,1.431297628
14.5,6.5,8,73.58915086,1.603954173
14.5,7.5,5,75.92577322,1.59106845
14.5,8.5,9,73.16776988,0.7732992808
14.5,9.5,4,73.3759366,1.892248601
14.5,10.5,7,73.32745984,0.4270383671
14.5,11.5,8,72.72231119,1.487907241
14.5,12.5,6,71.6283618,1.321409347
14.5,13.5,3,71.50287731,2.073769536
14.5,14.5,10,70.28110445,1.394681273
14.5,15.5,2,71.72976131,1.153617181
14.5,16.5,5,71.64181125,1.900907414
14.5,17.5,14,68.31025191,1.353187942
14.5,18.5,4,72.3709124,1.549214612
14.5,19.5,8,70.56195183,1.405390719
15.5,-19.5,4,66.6605606,2.201973783
15.5,-18.5,8,72.19097092,1.793762702
15.5,-17.5,4,66.48693297,2.734787903
15.5,-16.5,6,71.9482106,1.718305758
15.5,-15.5,7,72.3621832,1.926468977
15.5,-14.5,5,69.91143919,0.9693067837
15.5,-13.5,7,71.95209252,1.298672528
15.5,-12.5,3,72.29621909,0.5709593074
15.5,-11.5,6,69.26413333,1.542933539
15.5,-10.5,10,72.87768075,0.8801586024
15.5,-9.5,1,71.80518098,0
15.5,-8.5,4,71.12403639,0.1685829608
15.5,-7.5,5,72.21700968,0.9755125913
15.5,-6.5,8,72.06303941,1.623852816
15.5,-5.5,5,74.6044817,1.441159387
15.5,-4.5,6,72.66242109,1.051884172
15.5,-3.5,7,76.30760527,1.842607121
15.5,-2.5,5,73.0302394,0.6691105597
15.5,-1.5,8,73.65597641,1.463926046
15.5,-0.5,8,73.73949294,1.549790634
15.5,0.5,6,73.13034449,1.098134981
15.5,1.5,6,73.63969614,0.9673080988
15.5,2.5,5,72.05853679,1.850991667
15.5,3.5,6,71.6098773,1.209611225
15.5,4.5,6,71.36458611,1.626084573
15.5,5.5,2,74.02921948,2.011234445
15.5,6.5,3,70.56042444,1.11138998
15.5,7.5,7,72.78268458,1.470192464
15.5,8.5,5,74.48720539,1.136965126
15.5,9.5,7,71.81851666,1.202979117
15.5,10.5,8,71.04955158,0.9739136522
15.5,11.5,7,70.58243619,1.171986956
15.5,12.5,3,71.43022596,0.7227087428
15.5,13.5,6,72.82549058,1.258870371
15.5,14.5,7,72.18138999,2.044401924
15.5,15.5,3,69.80804366,1.042544076
15.5,16.5,3,64.93506984,2.509309298
15.5,17.5,6,72.14480859,0.7732458522
15.5,18.5,6,70.39505257,1.051768444
15.5,19.5,8,69.91362548,0.920053811
16.5,-19.5,5,69.26860965,0.4955578206
16.5,-18.5,8,68.10334379,1.52649505
16.5,-17.5,7,71.39073684,1.211891844
16.5,-16.5,5,68.93720133,0.9834594688
16.5,-15.5,5,67.54908862,2.167893928
16.5,-14.5,10,71.09838737,1.042631044
16.5,-13.5,11,71.5925567,0.6573540411
16.5,-12.5,9,72.21608944,0.740551272
16.5,-11.5,4,70.77219981,1.925749491
16.5,-10.5,4,73.62419082,2.705465759
16.5,-9.5,3,73.12413298,1.807473684
16.5,-8.5,5,75.33164369,1.783848065
16.5,-7.5,2,77.18472866,0.4070479973
16.5,-6.5,5,72.53531365,0.6112798826
16.5,-5.5,10,71.61608544,0.8481043685
16.5,-4.5,8,73.5444143,1.141499741
16.5,-3.5,5,71.54295798,1.37734802
16.5,-2.5,9,74.29870029,0.6910271219
16.5,-1.5,11,73.98291985,0.8976859458
16.5,-0.5,8,74.25182516,0.7634531773
16.5,0.5,8,72.7069043,1.311395519
16.5,1.5,10,69.13473378,1.170701571
16.5,2.5,9,73.90867584,1.055948393
16.5,3.5,4,74.72319312,0.2530650405
16.5,4.5,8,73.36892909,1.430290975
16.5,5.5,4,74.46315676,1.099903854
16.5,6.5,6,73.92266657,1.347182782
16.5,7.5,4,72.34518977,0.8739016615
16.5,8.5,8,71.59627254,1.216993156
16.5,9.5,13,71.92247223,0.6820882935
16.5,10.5,7,72.11801856,1.246985405
16.5,11.5,4,70.39943742,1.389090589
16.5,12.5,5,73.63189891,1.292655441
16.5,13.5,5,75.05109672,1.806750722
16.5,14.5,11,71.29334273,1.316581279
16.5,15.5,8,69.56879199,1.460835678
16.5,16.5,6,69.97642671,0.8870466205
16.5,17.5,4,69.91209378,1.641434446
16.5,18.5,6,72.64604162,1.583630592
16.5,19.5,4,66.95856526,0.6493528839
17.5,-19.5,5,72.28435983,1.415436148
17.5,-18.5,5,65.65547807,1.350111136
17.5,-17.5,7,70.10381363,1.395607564
17.5,-16.5,7,69.99267175,1.349029669
17.5,-15.5,4,72.3324694,2.309536646
17.5,-14.5,4,70.29969193,1.441306884
17.5,-13.5,7,69.83042218,1.663633021
17.5,-12.5,9,69.86428489,1.250075507
17.5,-11.5,3,73.3936016,1.782351783
17.5,-10.5,9,73.18561518,0.7456554708
17.5,-9.5,2,73.77012723,2.336515777
17.5,-8.5,12,70.80212301,1.168379993
17.5,-7.5,5,69.66807021,1.950323511
17.5,-6.5,3,74.94584567,1.934425699
17.5,-5.5,5,71.52187464,1.402848876
17.5,-4.5,8,73.41240148,1.091754168
17.5,-3.5,5,75.86142539,2.076934688
17.5,-2.5,4,72.48476145,1.706283312
17.5,-1.5,3,72.44994281,1.688582808
17.5,-0.5,4,76.38980115,1.371187381
17.5,0.5,5,73.03916147,2.431509416
17.5,1.5,11,71.47812102,1.041879665
17.5,2.5,6,71.64534656,1.600352139
17.5,3.5,4,71.36083504,1.65167899
17.5,4.5,5,75.59900048,1.738286291
17.5,5.5,12,75.4965414,1.183839616
17.5,6.5,4,73.34524144,2.361923275
17.5,7.5,6,73.66061906,1.399672573
17.5,8.5,4,74.12856827,1.0176435
17.5,9.5,4,72.26843993,1.996135491
17.5,10.5,7,72.62567959,0.9237320848
17.5,11.5,5,72.92944641,1.308542346
17.5,12.5,9,71.92414514,2.010955279
17.5,13.5,7,69.13275621,0.7321759857
17.5,14.5,3,71.39421045,0.8887307171
17.5,15.5,6,70.12697143,1.233255301
17.5,16.5,8,69.19013139,1.360578983
17.5,17.5,7,70.23851791,1.286665592
17.5,18.5,4,69.15478454,1.41748309
17.5,19.5,5,68.33626101,1.560432478
18.5,-19.5,10,69.45014992,0.8197830317
18.5,-18.5,6,69.59207404,1.259512433
18.5,-17.5,5,67.94013266,0.8093041559
18.5,-16.5,6,71.99863366,1.615133275
18.5,-15.5,5,72.60732038,1.7389902
18.5,-14.5,3,66.40560718,1.319928616
18.5,-13.5,5,69.78172614,2.553127426
18.5,-12.5,7,69.096309,1.578101007
18.5,-11.5,11,70.97008607,1.016315317
18.5,-10.5,4,74.17757207,0.9296663371
18.5,-9.5,4,69.39487901,0.1275760347
18.5,-8.5,5,70.62339453,0.8638671611
18.5,-7.5,8,71.2992882,0.5645487688
18.5,-6.5,7,71.53873709,1.337823904
18.5,-5.5,9,71.21998574,1.000549555
18.5,-4.5,9,72.28035015,1.171387756
18.5,-3.5,3,74.2928962,2.025917525
18.5,-2.5,7,74.158734,1.653860365
18.5,-1.5,9,73.0699047,1.210022918
18.5,-0.5,5,72.71915498,1.604693787
18.5,0.5,9,71.87581496,0.9779059824
18.5,1.5,6,73.61885733,1.517392691
18.5,2.5,6,71.42107026,1.19140006
18.5,3.5,3,69.00019998,1.768280461
18.5,4.5,7,74.2110395,1.240333436
18.5,5.5,3,70.64382886,1.127715104
18.5,6.5,6,73.15883442,1.168964047
18.5,7.5,9,71.73749165,1.177191194
18.5,8.5,4,72.23712426,3.030119289
18.5,9.5,3,70.88667865,1.374490988
18.5,10.5,2,72.70317531,1.822511951
18.5,11.5,10,71.24635955,1.079627851
18.5,12.5,6,69.94621334,0.5299486446
18.5,13.5,8,72.85536715,1.394811536
18.5,14.5,10,69.85733317,0.9185958276
18.5,15.5,8,70.91363778,0.5786432772
18.5,16.5,4,71.71490886,2.388280542
18.5,17.5,6,65.81712627,1.435996161
18.5,18.5,9,70.05134113,0.951737388
18.5,19.5,10,69.07478481,1.20290062
19.5,-19.5,6,68.3642523,1.760565936
19.5,-18.5,5,73.86959384,0.884380238
19.5,-17.5,5,70.80911177,1.392495098
19.5,-16.5,4,68.68995199,2.40289876
19.5,-15.5,2,72.59661423,1.075574348
19.5,-14.5,2,64.78480627,0.09026430912
19.5,-13.5,9,68.48518135,1.076867396
19.5,-12.5,6,72.99825387,0.9436282057
19.5,-11.5,9,71.9943345,1.096659042
19.5,-10.5,6,68.71796653,1.342766168
19.5,-9.5,11,71.92496813,1.130759193
19.5,-8.5,2,73.84136677,0.8463580905
19.5,-7.5,4,73.30162026,0.6102798844
19.5,-6.5,4,74.28985523,1.529964879
19.5,-5.5,4,72.1143444,1.549586664
19.5,-4.5,3,72.78892429,1.128045441
19.5,-3.5,3,74.40185959,1.891242478
19.5,-2.5,3,71.21828114,0.3617178638
19.5,-1.5,10,73.6503134,1.343217863
19.5,-0.5,7,70.62554637,1.529616508
19.5,0.5,5,73.31119233,2.163242024
19.5,1.5,11,76.49748897,1.206729378
19.5,2.5,10,73.22013242,0.6565694297
19.5,3.5,13,72.95930256,0.8559752165
19.5,4.5,6,72.84910496,0.79723427
19.5,5.5,2,75.65934485,0.02918064476
19.5,6.5,11,71.30338748,0.7454653318
19.5,7.5,4,73.3206837,1.733039882
19.5,8.5,5,71.0792108,1.567080841
19.5,9.5,7,72.56094258,0.6382140048
19.5,10.5,3,69.53181144,2.245070586
19.5,11.5,4,69.83211171,1.674630879
19.5,12.5,5,72.41597244,1.496757343
19.5,13.5,6,71.02496781,2.506102819
19.5,14.5,2,68.46462394,0.1983369293
19.5,15.5,5,69.59565318,1.07796908
19.5,16.5,6,69.49443684,1.707578854
19.5,17.5,5,72.1141686,1.127822572
19.5,18.5,9,67.27377429,1.158068058
19.5,19.5,6,68.32135017,1.076037469
